#VRML V2.0 utf8
# 3D model generated by kicad-lcsc-manager
# Based on easyeda2kicad.py v1.0.1

Shape{
    appearance Appearance {
        material  Material {
            diffuseColor 0.0 0.5019607843137255 0.0
            specularColor 0.0 0.25098039215686274 0.0
            ambientIntensity 0.2947
            transparency 0.0
            shininess 0.5
        }
    }
    geometry IndexedFaceSet {
        ccw TRUE
        solid FALSE
        coord DEF co Coordinate {
            point [
                -0.3248 1.1043 0.0079, -0.5856 1.1831 0.0079, -0.128 1.1831 0.0079, -0.128 0.6417 0.0079, -0.5856 0.6417 0.0079, -0.5856 0.8829 0.0079, -1.1417 -1.1791 0.0079, -1.1811 -1.1791 0.0079, -1.1811 -1.1398 0.0079, 1.1811 -1.1791 0.0079, 0.8809 -1.1791 0.0079, 0.8809 -1.1398 0.0079, -0.5856 0.3809 0.0079, -0.5856 0.3858 0.0079, -0.5807 0.3858 0.0079, -0.5906 0.376 0.0079, -0.6447 0.3858 0.0079, -0.6447 0.1299 0.0079, -0.4724 0.4941 0.0079, -0.128 0.4941 0.0079, 0.128 0.4941 0.0079, 0.128 0.6417 0.0079, 0.3839 0.6417 0.0079, 0.3839 0.4941 0.0079, 0.5906 0.4941 0.0079, 0.6447 0.6417 0.0079, 0.5906 0.3858 0.0079, 0.6447 0.3858 0.0079, 0.6447 0.1299 0.0079, 0.5906 0.1299 0.0079, 0.6447 -0.126 0.0079, 0.5906 -0.126 0.0079, 0.6447 -0.3819 0.0079, 0.5906 -0.3819 0.0079, 0.5906 -0.4902 0.0079, 0.6447 -0.6378 0.0079, 0.3839 -0.4902 0.0079, 0.3839 -0.6378 0.0079, 0.128 -0.4902 0.0079, 0.128 -0.6378 0.0079, -0.128 -0.4902 0.0079, -0.128 -0.6378 0.0079, -0.5856 -0.4902 0.0079, -0.5856 -0.6378 0.0079, -0.5906 -0.4902 0.0079, -0.6447 -0.6378 0.0079, -0.5906 -0.3819 0.0079, -0.5906 0.1299 0.0079, -0.5906 -0.126 0.0079, -0.6447 -0.126 0.0079, -0.6447 -0.3819 0.0079, 0.6447 -1.1398 0.0079, 0.6447 -1.1791 0.0079, 0.3839 -1.1398 0.0079, 0.3839 -1.1791 0.0079, 0.128 -1.1398 0.0079, 0.128 -1.1791 0.0079, -0.128 -1.1398 0.0079, -1.1417 -1.1398 0.0079, -0.8809 -1.1791 0.0079, -0.8809 -1.1398 0.0079, -0.6447 -1.1791 0.0079, -0.6447 -1.1398 0.0079, -0.5856 -1.1791 0.0079, -0.5856 -1.1398 0.0079, -0.128 -1.1791 0.0079, 1.1811 -1.1398 0.0079, 0.8809 -0.8789 0.0079, 1.1811 -0.8789 0.0079, 0.8366 -0.9232 0.0079, 0.8366 -1.1004 0.0079, 0.6988 -1.1004 0.0079, 0.6988 -0.9232 0.0079, 0.6447 -0.8789 0.0079, 0.5807 -0.9232 0.0079, 0.5807 -1.1004 0.0079, 0.4429 -1.1004 0.0079, 0.4429 -0.9232 0.0079, 0.3839 -0.8789 0.0079, 0.3248 -0.9232 0.0079, 0.3248 -1.1004 0.0079, 0.187 -1.1004 0.0079, 0.187 -0.9232 0.0079, 0.128 -0.8789 0.0079, 0.0689 -0.9232 0.0079, 0.0689 -1.1004 0.0079, -0.0689 -1.1004 0.0079, -0.0689 -0.9232 0.0079, -0.128 -0.8789 0.0079, -0.5807 -0.9232 0.0079, -0.5807 -1.1004 0.0079, -0.5856 -0.8789 0.0079, -0.3248 -0.9232 0.0079, -0.187 -0.9232 0.0079, -0.4429 -1.1004 0.0079, -0.187 -1.1004 0.0079, -0.3248 -1.1004 0.0079, -0.4429 -0.9232 0.0079, -0.6447 -0.8789 0.0079, -0.6988 -0.9232 0.0079, -0.6988 -1.1004 0.0079, -0.8366 -1.1004 0.0079, -0.8366 -0.9232 0.0079, -1.1417 -0.8789 0.0079, -0.8809 -0.8789 0.0079, 1.1024 -0.8346 0.0079, 0.9252 -0.8346 0.0079, 0.9252 -0.6969 0.0079, 0.8809 -0.6378 0.0079, 1.1024 -0.6969 0.0079, 1.1811 -0.6378 0.0079, -1.1024 -0.6969 0.0079, -1.1417 -0.6378 0.0079, -0.9252 -0.6969 0.0079, -0.8809 -0.6378 0.0079, -0.9252 -0.8346 0.0079, -1.1024 -0.8346 0.0079, 1.1024 -0.5787 0.0079, 0.9252 -0.5787 0.0079, 0.9252 -0.4409 0.0079, 0.8809 -0.3819 0.0079, 1.1024 -0.4409 0.0079, 1.1811 -0.3819 0.0079, -1.1024 -0.4409 0.0079, -1.1417 -0.3819 0.0079, -0.9252 -0.4409 0.0079, -0.8809 -0.3819 0.0079, -0.9252 -0.5787 0.0079, -1.1024 -0.5787 0.0079, 1.1024 -0.3228 0.0079, 0.9252 -0.3228 0.0079, 0.9252 -0.185 0.0079, 0.8809 -0.126 0.0079, 1.1024 -0.185 0.0079, 1.1811 -0.126 0.0079, -1.1024 -0.185 0.0079, -1.1417 -0.126 0.0079, -0.9252 -0.185 0.0079, -0.8809 -0.126 0.0079, -0.9252 -0.3228 0.0079, -1.1024 -0.3228 0.0079, 1.1024 -0.0669 0.0079, 0.9252 -0.0669 0.0079, 0.9252 0.0709 0.0079, 0.8809 0.1299 0.0079, 1.1024 0.0709 0.0079, 1.1811 0.1299 0.0079, -1.1024 0.0709 0.0079, -1.1417 0.1299 0.0079, -0.9252 0.0709 0.0079, -0.8809 0.1299 0.0079, -0.9252 -0.0669 0.0079, -1.1024 -0.0669 0.0079, 1.1024 0.189 0.0079, 0.9252 0.189 0.0079, 0.9252 0.3268 0.0079, 0.8809 0.3858 0.0079, 1.1024 0.3268 0.0079, 1.1811 0.3858 0.0079, -1.1024 0.3268 0.0079, -1.1417 0.3858 0.0079, -0.9252 0.3268 0.0079, -0.8809 0.3858 0.0079, -0.9252 0.189 0.0079, -1.1024 0.189 0.0079, 1.1024 0.4449 0.0079, 0.9252 0.4449 0.0079, 0.9252 0.5827 0.0079, 0.8809 0.6417 0.0079, 1.1024 0.5827 0.0079, 1.1811 0.6417 0.0079, -1.1024 0.5827 0.0079, -1.1417 0.6417 0.0079, -0.9252 0.5827 0.0079, -0.8809 0.6417 0.0079, -0.9252 0.4449 0.0079, -1.1024 0.4449 0.0079, 1.1024 0.8386 0.0079, 1.1811 0.8829 0.0079, 1.1024 0.7008 0.0079, 0.9252 0.7008 0.0079, 0.9252 0.8386 0.0079, 0.8809 0.8829 0.0079, 0.6447 0.8829 0.0079, 0.3839 0.8829 0.0079, 0.128 0.8829 0.0079, -0.128 0.8829 0.0079, -0.6447 0.6417 0.0079, -0.8809 0.8829 0.0079, -0.6447 0.8829 0.0079, -1.1024 0.8386 0.0079, -1.1417 0.8829 0.0079, -0.9252 0.8386 0.0079, -0.9252 0.7008 0.0079, -1.1024 0.7008 0.0079, 0.8809 1.1831 0.0079, 1.1811 1.1831 0.0079, 0.8366 1.1043 0.0079, 0.8366 0.9272 0.0079, 0.6988 0.9272 0.0079, 0.6988 1.1043 0.0079, 0.6447 1.1831 0.0079, 0.5807 1.1043 0.0079, 0.5807 0.9272 0.0079, 0.4429 0.9272 0.0079, 0.4429 1.1043 0.0079, 0.3839 1.1831 0.0079, 0.3248 1.1043 0.0079, 0.3248 0.9272 0.0079, 0.187 0.9272 0.0079, 0.187 1.1043 0.0079, 0.128 1.1831 0.0079, 0.0689 1.1043 0.0079, 0.0689 0.9272 0.0079, -0.0689 0.9272 0.0079, -0.0689 1.1043 0.0079, -0.3248 0.9272 0.0079, -0.187 0.9272 0.0079, -0.187 1.1043 0.0079, -0.4429 0.9272 0.0079, -0.4429 1.1043 0.0079, -0.5807 1.1043 0.0079, -0.5807 0.9272 0.0079, -0.6447 1.1831 0.0079, -0.8366 1.1043 0.0079, -0.8366 0.9272 0.0079, -0.6988 0.9272 0.0079, -0.6988 1.1043 0.0079, -0.8809 1.1831 0.0079, -1.1417 1.1831 0.0079, -1.1811 -0.8789 0.0079, -1.1811 -0.6378 0.0079, -1.1811 -0.3819 0.0079, -1.1811 -0.126 0.0079, -1.1811 0.1299 0.0079, -1.1811 0.3858 0.0079, -1.1811 0.6417 0.0079, -1.1811 0.8829 0.0079, -1.1811 1.1831 0.0079, -1.1811 -1.1791 0.1575, 1.1811 -1.1791 0.1575, -1.1811 1.1831 0.1575, 1.1811 1.1831 0.1575
            ]
        }
        coordIndex [
            0,1,2,-1,3,4,5,-1,6,7,8,-1,9,10,11,-1,12,13,14,-1,12,15,16,-1,16,15,17,-1,14,13,18,-1,18,13,4,-1,18,4,19,-1,19,4,3,-1,19,3,20,-1,21,22,23,-1,23,22,24,-1,24,22,25,-1,24,25,26,-1,25,27,26,-1,26,27,28,-1,26,28,29,-1,29,28,30,-1,29,30,31,-1,31,30,32,-1,31,32,33,-1,33,32,34,-1,34,32,35,-1,34,35,36,-1,36,35,37,-1,36,37,38,-1,38,37,39,-1,38,39,40,-1,40,39,41,-1,40,41,42,-1,42,41,43,-1,42,43,44,-1,44,43,45,-1,44,45,46,-1,15,47,17,-1,17,47,48,-1,17,48,49,-1,49,48,46,-1,49,46,50,-1,50,46,45,-1,11,10,51,-1,51,10,52,-1,51,52,53,-1,53,52,54,-1,53,54,55,-1,55,54,56,-1,55,56,57,-1,6,58,59,-1,59,58,60,-1,59,60,61,-1,61,60,62,-1,61,62,63,-1,63,62,64,-1,63,64,65,-1,9,11,66,-1,66,11,67,-1,66,67,68,-1,69,67,70,-1,70,67,11,-1,70,11,71,-1,71,11,51,-1,71,51,72,-1,72,51,73,-1,72,73,69,-1,74,73,75,-1,75,73,51,-1,75,51,76,-1,76,51,53,-1,76,53,77,-1,77,53,78,-1,77,78,74,-1,74,78,73,-1,79,78,80,-1,80,78,53,-1,80,53,81,-1,81,53,55,-1,81,55,82,-1,82,55,83,-1,82,83,79,-1,79,83,78,-1,84,83,85,-1,85,83,55,-1,85,55,86,-1,86,55,57,-1,86,57,87,-1,87,57,88,-1,87,88,84,-1,84,88,83,-1,89,90,64,-1,91,88,92,-1,92,88,93,-1,56,65,57,-1,57,65,64,-1,57,64,94,-1,94,64,90,-1,93,88,95,-1,95,88,57,-1,95,57,96,-1,96,57,94,-1,96,94,92,-1,92,94,97,-1,92,97,91,-1,62,98,64,-1,64,98,91,-1,64,91,89,-1,89,91,97,-1,99,98,100,-1,100,98,62,-1,100,62,101,-1,101,62,60,-1,101,60,102,-1,58,103,60,-1,60,103,104,-1,60,104,102,-1,102,104,99,-1,105,68,106,-1,106,68,67,-1,106,67,107,-1,107,67,108,-1,107,108,109,-1,109,108,110,-1,109,110,105,-1,105,110,68,-1,98,45,91,-1,91,45,43,-1,91,43,88,-1,88,43,41,-1,88,41,83,-1,83,41,39,-1,83,39,78,-1,78,39,37,-1,78,37,73,-1,73,37,35,-1,111,112,113,-1,113,112,114,-1,113,114,115,-1,115,114,104,-1,115,104,116,-1,116,104,103,-1,116,103,111,-1,111,103,112,-1,117,110,118,-1,118,110,108,-1,118,108,119,-1,119,108,120,-1,119,120,121,-1,121,120,122,-1,121,122,117,-1,117,122,110,-1,123,124,125,-1,125,124,126,-1,125,126,127,-1,127,126,114,-1,127,114,128,-1,128,114,112,-1,128,112,123,-1,123,112,124,-1,129,122,130,-1,130,122,120,-1,130,120,131,-1,131,120,132,-1,131,132,133,-1,133,132,134,-1,133,134,129,-1,129,134,122,-1,135,136,137,-1,137,136,138,-1,137,138,139,-1,139,138,126,-1,139,126,140,-1,140,126,124,-1,140,124,135,-1,135,124,136,-1,141,134,142,-1,142,134,132,-1,142,132,143,-1,143,132,144,-1,143,144,145,-1,145,144,146,-1,145,146,141,-1,141,146,134,-1,147,148,149,-1,149,148,150,-1,149,150,151,-1,151,150,138,-1,151,138,152,-1,152,138,136,-1,152,136,147,-1,147,136,148,-1,153,146,154,-1,154,146,144,-1,154,144,155,-1,155,144,156,-1,155,156,157,-1,157,156,158,-1,157,158,153,-1,153,158,146,-1,159,160,161,-1,161,160,162,-1,161,162,163,-1,163,162,150,-1,163,150,164,-1,164,150,148,-1,164,148,159,-1,159,148,160,-1,165,158,166,-1,166,158,156,-1,166,156,167,-1,167,156,168,-1,167,168,169,-1,169,168,170,-1,169,170,165,-1,165,170,158,-1,69,73,67,-1,67,73,35,-1,67,35,108,-1,108,35,32,-1,108,32,120,-1,120,32,30,-1,120,30,132,-1,132,30,28,-1,132,28,144,-1,144,28,27,-1,144,27,156,-1,156,27,25,-1,156,25,168,-1,171,172,173,-1,173,172,174,-1,173,174,175,-1,175,174,162,-1,175,162,176,-1,176,162,160,-1,176,160,171,-1,171,160,172,-1,177,178,179,-1,179,178,170,-1,179,170,180,-1,180,170,168,-1,180,168,181,-1,177,181,182,-1,182,181,168,-1,182,168,183,-1,183,168,25,-1,183,25,184,-1,184,25,22,-1,184,22,185,-1,185,22,21,-1,185,21,186,-1,99,104,98,-1,98,104,114,-1,98,114,45,-1,45,114,126,-1,45,126,50,-1,50,126,138,-1,50,138,49,-1,49,138,150,-1,49,150,17,-1,17,150,162,-1,17,162,16,-1,16,162,174,-1,16,174,187,-1,187,174,188,-1,187,188,189,-1,190,191,192,-1,192,191,188,-1,192,188,193,-1,193,188,174,-1,193,174,194,-1,194,174,172,-1,194,172,190,-1,190,172,191,-1,177,182,178,-1,178,182,195,-1,178,195,196,-1,197,195,198,-1,198,195,182,-1,198,182,199,-1,199,182,183,-1,199,183,200,-1,200,183,201,-1,200,201,197,-1,197,201,195,-1,202,201,203,-1,203,201,183,-1,203,183,204,-1,204,183,184,-1,204,184,205,-1,205,184,206,-1,205,206,202,-1,202,206,201,-1,207,206,208,-1,208,206,184,-1,208,184,209,-1,209,184,185,-1,209,185,210,-1,210,185,211,-1,210,211,207,-1,207,211,206,-1,212,211,213,-1,213,211,185,-1,213,185,214,-1,214,185,186,-1,214,186,215,-1,215,186,2,-1,215,2,212,-1,212,2,211,-1,216,217,186,-1,186,217,2,-1,2,217,218,-1,2,218,0,-1,23,20,21,-1,21,20,3,-1,21,3,186,-1,186,3,5,-1,186,5,216,-1,216,5,219,-1,216,219,0,-1,0,219,220,-1,0,220,1,-1,1,220,221,-1,1,221,5,-1,5,221,222,-1,5,222,219,-1,12,16,13,-1,13,16,187,-1,13,187,4,-1,4,187,189,-1,4,189,5,-1,5,189,223,-1,5,223,1,-1,224,225,188,-1,188,225,189,-1,189,225,226,-1,189,226,223,-1,223,226,227,-1,223,227,228,-1,191,229,188,-1,188,229,228,-1,188,228,224,-1,224,228,227,-1,6,8,58,-1,58,8,230,-1,58,230,103,-1,103,230,231,-1,103,231,112,-1,112,231,232,-1,112,232,124,-1,124,232,233,-1,124,233,136,-1,136,233,234,-1,136,234,148,-1,148,234,235,-1,148,235,160,-1,160,235,236,-1,160,236,172,-1,172,236,237,-1,172,237,191,-1,191,237,238,-1,191,238,229,-1,239,240,241,-1,241,240,242,-1,238,237,241,-1,241,237,236,-1,241,236,235,-1,235,234,241,-1,241,234,233,-1,241,233,239,-1,239,233,232,-1,239,232,231,-1,231,230,239,-1,239,230,8,-1,239,8,7,-1,7,6,239,-1,239,6,59,-1,239,59,61,-1,61,63,239,-1,239,63,65,-1,239,65,240,-1,240,65,56,-1,240,56,54,-1,54,52,240,-1,240,52,10,-1,240,10,9,-1,9,66,240,-1,240,66,68,-1,240,68,110,-1,110,122,240,-1,240,122,134,-1,240,134,242,-1,242,134,146,-1,242,146,158,-1,158,170,242,-1,242,170,178,-1,242,178,196,-1,196,195,242,-1,242,195,201,-1,201,206,242,-1,242,206,211,-1,242,211,241,-1,211,2,241,-1,241,2,1,-1,241,1,223,-1,223,228,241,-1,241,228,229,-1,241,229,238,-1,
        ]
    }
}
Shape{
    appearance Appearance {
        material  Material {
            diffuseColor 1.0 1.0 0.0
            specularColor 0.5019607843137255 0.5019607843137255 0.0
            ambientIntensity 0.886
            transparency 0.0
            shininess 0.5
        }
    }
    geometry IndexedFaceSet {
        ccw TRUE
        solid FALSE
        coord DEF co Coordinate {
            point [
                -0.0689 1.1043 0.0, -0.0689 0.9272 0.0, -0.0689 1.1043 0.0079, -0.0689 0.9272 0.0079, 0.0689 1.1043 0.0, 0.0689 1.1043 0.0079, 0.0689 0.9272 0.0, 0.0689 0.9272 0.0079, 0.187 1.1043 0.0, 0.187 0.9272 0.0, 0.187 1.1043 0.0079, 0.187 0.9272 0.0079, 0.3248 1.1043 0.0, 0.3248 1.1043 0.0079, 0.3248 0.9272 0.0, 0.3248 0.9272 0.0079, 0.4429 1.1043 0.0, 0.4429 0.9272 0.0, 0.4429 1.1043 0.0079, 0.4429 0.9272 0.0079, 0.5807 1.1043 0.0, 0.5807 1.1043 0.0079, 0.5807 0.9272 0.0, 0.5807 0.9272 0.0079, 0.6988 1.1043 0.0, 0.6988 0.9272 0.0, 0.6988 1.1043 0.0079, 0.6988 0.9272 0.0079, 0.8366 1.1043 0.0, 0.8366 1.1043 0.0079, 0.8366 0.9272 0.0, 0.8366 0.9272 0.0079, -0.3248 1.1043 0.0, -0.3248 0.9272 0.0, -0.3248 1.1043 0.0079, -0.3248 0.9272 0.0079, -0.187 1.1043 0.0, -0.187 1.1043 0.0079, -0.187 0.9272 0.0, -0.187 0.9272 0.0079, -0.5807 1.1043 0.0, -0.5807 0.9272 0.0, -0.5807 1.1043 0.0079, -0.5807 0.9272 0.0079, -0.4429 1.1043 0.0, -0.4429 1.1043 0.0079, -0.4429 0.9272 0.0, -0.4429 0.9272 0.0079, -0.8366 1.1043 0.0, -0.8366 0.9272 0.0, -0.8366 1.1043 0.0079, -0.8366 0.9272 0.0079, -0.6988 1.1043 0.0, -0.6988 1.1043 0.0079, -0.6988 0.9272 0.0, -0.6988 0.9272 0.0079, -1.1024 -0.8346 0.0, -0.9252 -0.8346 0.0, -1.1024 -0.8346 0.0079, -0.9252 -0.8346 0.0079, -1.1024 -0.6969 0.0, -1.1024 -0.6969 0.0079, -0.9252 -0.6969 0.0, -0.9252 -0.6969 0.0079, 0.8366 -1.1004 0.0, 0.8366 -0.9232 0.0, 0.8366 -1.1004 0.0079, 0.8366 -0.9232 0.0079, 0.6988 -1.1004 0.0, 0.6988 -1.1004 0.0079, 0.6988 -0.9232 0.0, 0.6988 -0.9232 0.0079, 1.1024 0.8386 0.0, 0.9252 0.8386 0.0, 1.1024 0.8386 0.0079, 0.9252 0.8386 0.0079, 1.1024 0.7008 0.0, 1.1024 0.7008 0.0079, 0.9252 0.7008 0.0, 0.9252 0.7008 0.0079, -1.1024 -0.0669 0.0, -0.9252 -0.0669 0.0, -1.1024 -0.0669 0.0079, -0.9252 -0.0669 0.0079, -1.1024 0.0709 0.0, -1.1024 0.0709 0.0079, -0.9252 0.0709 0.0, -0.9252 0.0709 0.0079, 0.0689 -1.1004 0.0, 0.0689 -0.9232 0.0, 0.0689 -1.1004 0.0079, 0.0689 -0.9232 0.0079, -0.0689 -1.1004 0.0, -0.0689 -1.1004 0.0079, -0.0689 -0.9232 0.0, -0.0689 -0.9232 0.0079, 1.1024 0.0709 0.0, 0.9252 0.0709 0.0, 1.1024 0.0709 0.0079, 0.9252 0.0709 0.0079, 1.1024 -0.0669 0.0, 1.1024 -0.0669 0.0079, 0.9252 -0.0669 0.0, 0.9252 -0.0669 0.0079, -1.1024 0.189 0.0, -0.9252 0.189 0.0, -1.1024 0.189 0.0079, -0.9252 0.189 0.0079, -1.1024 0.3268 0.0, -1.1024 0.3268 0.0079, -0.9252 0.3268 0.0, -0.9252 0.3268 0.0079, -0.187 -1.1004 0.0, -0.187 -0.9232 0.0, -0.187 -1.1004 0.0079, -0.187 -0.9232 0.0079, -0.3248 -1.1004 0.0, -0.3248 -1.1004 0.0079, -0.3248 -0.9232 0.0, -0.3248 -0.9232 0.0079, 1.1024 -0.185 0.0, 0.9252 -0.185 0.0, 1.1024 -0.185 0.0079, 0.9252 -0.185 0.0079, 1.1024 -0.3228 0.0, 1.1024 -0.3228 0.0079, 0.9252 -0.3228 0.0, 0.9252 -0.3228 0.0079, -1.1024 0.4449 0.0, -0.9252 0.4449 0.0, -1.1024 0.4449 0.0079, -0.9252 0.4449 0.0079, -1.1024 0.5827 0.0, -1.1024 0.5827 0.0079, -0.9252 0.5827 0.0, -0.9252 0.5827 0.0079, -0.4429 -1.1004 0.0, -0.4429 -0.9232 0.0, -0.4429 -1.1004 0.0079, -0.4429 -0.9232 0.0079, -0.5807 -1.1004 0.0, -0.5807 -1.1004 0.0079, -0.5807 -0.9232 0.0, -0.5807 -0.9232 0.0079, 1.1024 -0.4409 0.0, 0.9252 -0.4409 0.0, 1.1024 -0.4409 0.0079, 0.9252 -0.4409 0.0079, 1.1024 -0.5787 0.0, 1.1024 -0.5787 0.0079, 0.9252 -0.5787 0.0, 0.9252 -0.5787 0.0079, -1.1024 0.7008 0.0, -0.9252 0.7008 0.0, -1.1024 0.7008 0.0079, -0.9252 0.7008 0.0079, -1.1024 0.8386 0.0, -1.1024 0.8386 0.0079, -0.9252 0.8386 0.0, -0.9252 0.8386 0.0079, -0.6988 -1.1004 0.0, -0.6988 -0.9232 0.0, -0.6988 -1.1004 0.0079, -0.6988 -0.9232 0.0079, -0.8366 -1.1004 0.0, -0.8366 -1.1004 0.0079, -0.8366 -0.9232 0.0, -0.8366 -0.9232 0.0079, 1.1024 -0.6969 0.0, 0.9252 -0.6969 0.0, 1.1024 -0.6969 0.0079, 0.9252 -0.6969 0.0079, 1.1024 -0.8346 0.0, 1.1024 -0.8346 0.0079, 0.9252 -0.8346 0.0, 0.9252 -0.8346 0.0079, -1.1024 -0.3228 0.0, -0.9252 -0.3228 0.0, -1.1024 -0.3228 0.0079, -0.9252 -0.3228 0.0079, -1.1024 -0.185 0.0, -1.1024 -0.185 0.0079, -0.9252 -0.185 0.0, -0.9252 -0.185 0.0079, 0.3248 -1.1004 0.0, 0.3248 -0.9232 0.0, 0.3248 -1.1004 0.0079, 0.3248 -0.9232 0.0079, 0.187 -1.1004 0.0, 0.187 -1.1004 0.0079, 0.187 -0.9232 0.0, 0.187 -0.9232 0.0079, 1.1024 0.3268 0.0, 0.9252 0.3268 0.0, 1.1024 0.3268 0.0079, 0.9252 0.3268 0.0079, 1.1024 0.189 0.0, 1.1024 0.189 0.0079, 0.9252 0.189 0.0, 0.9252 0.189 0.0079, -1.1024 -0.5787 0.0, -0.9252 -0.5787 0.0, -1.1024 -0.5787 0.0079, -0.9252 -0.5787 0.0079, -1.1024 -0.4409 0.0, -1.1024 -0.4409 0.0079, -0.9252 -0.4409 0.0, -0.9252 -0.4409 0.0079, 0.5807 -1.1004 0.0, 0.5807 -0.9232 0.0, 0.5807 -1.1004 0.0079, 0.5807 -0.9232 0.0079, 0.4429 -1.1004 0.0, 0.4429 -1.1004 0.0079, 0.4429 -0.9232 0.0, 0.4429 -0.9232 0.0079, 1.1024 0.5827 0.0, 0.9252 0.5827 0.0, 1.1024 0.5827 0.0079, 0.9252 0.5827 0.0079, 1.1024 0.4449 0.0, 1.1024 0.4449 0.0079, 0.9252 0.4449 0.0, 0.9252 0.4449 0.0079, -0.5906 -0.4902 0.0079, -0.5906 -0.3819 0.0079, -0.5906 -0.4902 0.0, -0.5906 -0.126 0.0079, -0.5906 0.376 0.0, -0.5906 0.1299 0.0079, -0.5906 0.376 0.0079, -0.4724 0.4941 0.0079, -0.4724 0.4941 0.0, -0.5807 0.3858 0.0079, -0.5856 0.3809 0.0079, -0.128 0.4941 0.0079, 0.128 0.4941 0.0079, 0.5906 0.4941 0.0, 0.3839 0.4941 0.0079, 0.5906 0.4941 0.0079, 0.5906 -0.3819 0.0079, 0.5906 -0.4902 0.0079, 0.5906 -0.4902 0.0, 0.5906 0.3858 0.0079, 0.5906 0.1299 0.0079, 0.5906 -0.126 0.0079, -0.5856 -0.4902 0.0079, 0.3839 -0.4902 0.0079, 0.128 -0.4902 0.0079, -0.128 -0.4902 0.0079
            ]
        }
        coordIndex [
            0,1,2,-1,2,1,3,-1,4,0,5,-1,5,0,2,-1,6,4,7,-1,7,4,5,-1,1,6,3,-1,3,6,7,-1,4,6,0,-1,0,6,1,-1,8,9,10,-1,10,9,11,-1,12,8,13,-1,13,8,10,-1,14,12,15,-1,15,12,13,-1,9,14,11,-1,11,14,15,-1,12,14,8,-1,8,14,9,-1,16,17,18,-1,18,17,19,-1,20,16,21,-1,21,16,18,-1,22,20,23,-1,23,20,21,-1,17,22,19,-1,19,22,23,-1,20,22,16,-1,16,22,17,-1,24,25,26,-1,26,25,27,-1,28,24,29,-1,29,24,26,-1,30,28,31,-1,31,28,29,-1,25,30,27,-1,27,30,31,-1,28,30,24,-1,24,30,25,-1,32,33,34,-1,34,33,35,-1,36,32,37,-1,37,32,34,-1,38,36,39,-1,39,36,37,-1,33,38,35,-1,35,38,39,-1,36,38,32,-1,32,38,33,-1,40,41,42,-1,42,41,43,-1,44,40,45,-1,45,40,42,-1,46,44,47,-1,47,44,45,-1,41,46,43,-1,43,46,47,-1,44,46,40,-1,40,46,41,-1,48,49,50,-1,50,49,51,-1,52,48,53,-1,53,48,50,-1,54,52,55,-1,55,52,53,-1,49,54,51,-1,51,54,55,-1,52,54,48,-1,48,54,49,-1,56,57,58,-1,58,57,59,-1,60,56,61,-1,61,56,58,-1,62,60,63,-1,63,60,61,-1,57,62,59,-1,59,62,63,-1,60,62,56,-1,56,62,57,-1,64,65,66,-1,66,65,67,-1,68,64,69,-1,69,64,66,-1,70,68,71,-1,71,68,69,-1,65,70,67,-1,67,70,71,-1,68,70,64,-1,64,70,65,-1,72,73,74,-1,74,73,75,-1,76,72,77,-1,77,72,74,-1,78,76,79,-1,79,76,77,-1,73,78,75,-1,75,78,79,-1,76,78,72,-1,72,78,73,-1,80,81,82,-1,82,81,83,-1,84,80,85,-1,85,80,82,-1,86,84,87,-1,87,84,85,-1,81,86,83,-1,83,86,87,-1,84,86,80,-1,80,86,81,-1,88,89,90,-1,90,89,91,-1,92,88,93,-1,93,88,90,-1,94,92,95,-1,95,92,93,-1,89,94,91,-1,91,94,95,-1,92,94,88,-1,88,94,89,-1,96,97,98,-1,98,97,99,-1,100,96,101,-1,101,96,98,-1,102,100,103,-1,103,100,101,-1,97,102,99,-1,99,102,103,-1,100,102,96,-1,96,102,97,-1,104,105,106,-1,106,105,107,-1,108,104,109,-1,109,104,106,-1,110,108,111,-1,111,108,109,-1,105,110,107,-1,107,110,111,-1,108,110,104,-1,104,110,105,-1,112,113,114,-1,114,113,115,-1,116,112,117,-1,117,112,114,-1,118,116,119,-1,119,116,117,-1,113,118,115,-1,115,118,119,-1,116,118,112,-1,112,118,113,-1,120,121,122,-1,122,121,123,-1,124,120,125,-1,125,120,122,-1,126,124,127,-1,127,124,125,-1,121,126,123,-1,123,126,127,-1,124,126,120,-1,120,126,121,-1,128,129,130,-1,130,129,131,-1,132,128,133,-1,133,128,130,-1,134,132,135,-1,135,132,133,-1,129,134,131,-1,131,134,135,-1,132,134,128,-1,128,134,129,-1,136,137,138,-1,138,137,139,-1,140,136,141,-1,141,136,138,-1,142,140,143,-1,143,140,141,-1,137,142,139,-1,139,142,143,-1,140,142,136,-1,136,142,137,-1,144,145,146,-1,146,145,147,-1,148,144,149,-1,149,144,146,-1,150,148,151,-1,151,148,149,-1,145,150,147,-1,147,150,151,-1,148,150,144,-1,144,150,145,-1,152,153,154,-1,154,153,155,-1,156,152,157,-1,157,152,154,-1,158,156,159,-1,159,156,157,-1,153,158,155,-1,155,158,159,-1,156,158,152,-1,152,158,153,-1,160,161,162,-1,162,161,163,-1,164,160,165,-1,165,160,162,-1,166,164,167,-1,167,164,165,-1,161,166,163,-1,163,166,167,-1,164,166,160,-1,160,166,161,-1,168,169,170,-1,170,169,171,-1,172,168,173,-1,173,168,170,-1,174,172,175,-1,175,172,173,-1,169,174,171,-1,171,174,175,-1,172,174,168,-1,168,174,169,-1,176,177,178,-1,178,177,179,-1,180,176,181,-1,181,176,178,-1,182,180,183,-1,183,180,181,-1,177,182,179,-1,179,182,183,-1,180,182,176,-1,176,182,177,-1,184,185,186,-1,186,185,187,-1,188,184,189,-1,189,184,186,-1,190,188,191,-1,191,188,189,-1,185,190,187,-1,187,190,191,-1,188,190,184,-1,184,190,185,-1,192,193,194,-1,194,193,195,-1,196,192,197,-1,197,192,194,-1,198,196,199,-1,199,196,197,-1,193,198,195,-1,195,198,199,-1,196,198,192,-1,192,198,193,-1,200,201,202,-1,202,201,203,-1,204,200,205,-1,205,200,202,-1,206,204,207,-1,207,204,205,-1,201,206,203,-1,203,206,207,-1,204,206,200,-1,200,206,201,-1,208,209,210,-1,210,209,211,-1,212,208,213,-1,213,208,210,-1,214,212,215,-1,215,212,213,-1,209,214,211,-1,211,214,215,-1,212,214,208,-1,208,214,209,-1,216,217,218,-1,218,217,219,-1,220,216,221,-1,221,216,218,-1,222,220,223,-1,223,220,221,-1,217,222,219,-1,219,222,223,-1,220,222,216,-1,216,222,217,-1,224,225,226,-1,226,225,227,-1,226,227,228,-1,228,227,229,-1,228,229,230,-1,231,232,233,-1,233,232,228,-1,233,228,234,-1,234,228,230,-1,231,235,232,-1,232,235,236,-1,232,236,237,-1,237,236,238,-1,237,238,239,-1,240,241,242,-1,239,243,237,-1,237,243,244,-1,237,244,242,-1,242,244,245,-1,242,245,240,-1,246,224,226,-1,241,247,242,-1,242,247,248,-1,242,248,226,-1,226,248,249,-1,226,249,246,-1,232,237,228,-1,228,237,242,-1,228,242,226,-1,
        ]
    }
}
Shape{
    appearance Appearance {
        material  Material {
            diffuseColor 0.25098039215686274 0.25098039215686274 0.25098039215686274
            specularColor 0.12549019607843137 0.12549019607843137 0.12549019607843137
            ambientIntensity 0.251
            transparency 0.0
            shininess 0.5
        }
    }
    geometry IndexedFaceSet {
        ccw TRUE
        solid FALSE
        coord DEF co Coordinate {
            point [
                -0.8673 -1.1791 0.2693, -0.8673 -1.1791 0.2481, -0.816 -1.1791 0.2481, -0.8673 -1.1791 0.3539, -0.8673 -1.1791 0.3383, -0.816 -1.1791 0.3383, -0.7818 -1.1791 0.3543, -0.7853 -1.1791 0.3539, -0.7676 -1.1791 0.3539, -0.7576 -1.1791 0.4016, -0.7576 -1.1791 0.3845, -0.7432 -1.1791 0.3845, -0.7552 -1.1791 0.2693, -0.7558 -1.1791 0.2693, -0.7432 -1.1791 0.2693, -0.7665 -1.1791 0.2695, -0.7676 -1.1791 0.2699, -0.7676 -1.1791 0.2693, -0.6908 -1.1791 0.3169, -0.6908 -1.1791 0.2999, -0.6808 -1.1791 0.2999, -0.9136 -1.1791 0.3661, -0.9033 -1.1791 0.3574, -0.8673 -1.1791 0.4082, -0.9344 -1.1791 0.3874, -0.9268 -1.1791 0.3724, -0.9249 -1.1791 0.3717, -0.9625 -1.1791 0.4129, -0.9558 -1.1791 0.4082, -0.9473 -1.1791 0.4024, -1.0433 -1.1791 0.9055, -1.1562 -1.1791 0.9055, -1.0433 -1.1791 0.8858, -1.1562 -1.1791 0.4082, -0.9814 -1.1791 0.42, -0.8673 -1.1791 0.8858, -0.9989 -1.1791 0.4221, -1.0165 -1.1791 0.4201, -1.0341 -1.1791 0.4136, -1.0848 -1.1791 0.3895, -1.0699 -1.1791 0.3913, -1.1562 -1.1791 0.3539, -1.126 -1.1791 0.3539, -1.1226 -1.1791 0.3614, -1.1135 -1.1791 0.3731, -1.0429 -1.1791 0.4082, -1.0444 -1.1791 0.4073, -1.0534 -1.1791 0.3997, -1.0655 -1.1791 0.3911, -1.0611 -1.1791 0.3906, -1.1109 -1.1791 0.3756, -1.0989 -1.1791 0.384, -1.085 -1.1791 0.2703, -1.0898 -1.1791 0.2717, -1.1562 -1.1791 0.2693, -1.1036 -1.1791 0.2784, -1.1154 -1.1791 0.2885, -1.1241 -1.1791 0.3009, -1.1295 -1.1791 0.315, -1.1562 -1.1791 0.3383, -1.1313 -1.1791 0.3299, -1.1312 -1.1791 0.3335, -1.1304 -1.1791 0.3383, -1.1287 -1.1791 0.3478, -1.0682 -1.1791 0.2496, -1.0756 -1.1791 0.2552, -1.1562 -1.1791 0.2481, -1.0812 -1.1791 0.2621, -1.0846 -1.1791 0.2693, -1.049 -1.1791 0.2445, -1.1562 -1.1791 0.1575, -1.0398 -1.1791 0.2456, -0.8673 -1.1791 0.1575, -1.0333 -1.1791 0.2481, -1.0504 -1.1791 0.2445, -1.0594 -1.1791 0.2459, -1.0647 -1.1791 0.2481, -1.0134 -1.1791 0.2693, -1.0135 -1.1791 0.2691, -1.018 -1.1791 0.2606, -1.0238 -1.1791 0.2541, -1.0313 -1.1791 0.2489, -0.8909 -1.1791 0.335, -0.8892 -1.1791 0.3227, -0.965 -1.1791 0.2916, -0.9624 -1.1791 0.2927, -0.9579 -1.1791 0.3143, -0.9032 -1.1791 0.2866, -0.9136 -1.1791 0.2779, -1.0205 -1.1791 0.3079, -0.9697 -1.1791 0.3344, -1.0272 -1.1791 0.3139, -1.0352 -1.1791 0.3182, -0.9673 -1.1791 0.29, -0.8957 -1.1791 0.2971, -0.9129 -1.1791 0.3256, -0.9147 -1.1791 0.3329, -0.9176 -1.1791 0.3383, -1.1065 -1.1791 0.3383, -0.8909 -1.1791 0.3091, -0.9594 -1.1791 0.2931, -0.959 -1.1791 0.293, -0.9579 -1.1791 0.2928, -1.1043 -1.1791 0.3155, -1.0997 -1.1791 0.3078, -1.0805 -1.1791 0.3039, -1.0929 -1.1791 0.3008, -1.0847 -1.1791 0.2957, -1.0664 -1.1791 0.3164, -1.0742 -1.1791 0.311, -1.1074 -1.1791 0.3306, -1.107 -1.1791 0.3248, -1.0581 -1.1791 0.3196, -1.049 -1.1791 0.3208, -1.0444 -1.1791 0.3205, -0.9712 -1.1791 0.2813, -0.9711 -1.1791 0.2828, -1.011 -1.1791 0.2862, -0.9703 -1.1791 0.2857, -0.9689 -1.1791 0.2883, -0.9204 -1.1791 0.3022, -0.9163 -1.1791 0.3081, -0.9136 -1.1791 0.3149, -0.9127 -1.1791 0.3223, -0.9623 -1.1791 0.2699, -0.9648 -1.1791 0.2709, -0.9673 -1.1791 0.2726, -0.9682 -1.1791 0.2735, -0.9698 -1.1791 0.2759, -0.9708 -1.1791 0.2785, -1.0112 -1.1791 0.2785, -1.011 -1.1791 0.2824, -0.9252 -1.1791 0.2722, -0.9378 -1.1791 0.2695, -0.9602 -1.1791 0.2695, -0.9571 -1.1791 0.2927, -0.9401 -1.1791 0.2927, -0.9332 -1.1791 0.294, -0.9265 -1.1791 0.2971, -0.9209 -1.1791 0.3017, -0.9454 -1.1791 0.3519, -1.103 -1.1791 0.3483, -1.1063 -1.1791 0.3398, -0.9423 -1.1791 0.3519, -0.9182 -1.1791 0.3394, -0.9226 -1.1791 0.3443, -0.9285 -1.1791 0.3484, -0.9351 -1.1791 0.351, -0.9536 -1.1791 0.3747, -0.9621 -1.1791 0.3849, -1.0494 -1.1791 0.3629, -0.9631 -1.1791 0.3858, -0.9737 -1.1791 0.3932, -1.0436 -1.1791 0.3749, -1.0991 -1.1791 0.3539, -1.0521 -1.1791 0.3644, -0.9458 -1.1791 0.3539, -0.9477 -1.1791 0.3625, -1.0606 -1.1791 0.3675, -1.0695 -1.1791 0.3686, -1.0734 -1.1791 0.3684, -1.0351 -1.1791 0.3851, -0.9856 -1.1791 0.3977, -1.0249 -1.1791 0.3925, -0.9985 -1.1791 0.3993, -1.0125 -1.1791 0.3975, -1.0828 -1.1791 0.3661, -1.0913 -1.1791 0.3617, -1.0978 -1.1791 0.3558, -0.9008 -1.1791 0.3539, -0.8956 -1.1791 0.3466, -0.8922 -1.1791 0.3383, -0.669 -1.1791 0.2758, -0.669 -1.1791 0.2697, -0.6639 -1.1791 0.2693, -0.6808 -1.1791 0.2693, -0.6639 -1.1791 0.3383, -0.6702 -1.1791 0.3169, -0.6702 -1.1791 0.3231, -0.6908 -1.1791 0.2758, -0.6808 -1.1791 0.2758, -0.6908 -1.1791 0.2937, -0.6808 -1.1791 0.2937, -0.6717 -1.1791 0.2937, -0.6717 -1.1791 0.2999, -0.6808 -1.1791 0.3169, -0.6808 -1.1791 0.2697, -0.6977 -1.1791 0.2697, -0.7013 -1.1791 0.2693, -0.6977 -1.1791 0.3231, -0.8076 -1.1791 0.2879, -0.8067 -1.1791 0.2987, -0.809 -1.1791 0.286, -0.8099 -1.1791 0.2837, -0.7707 -1.1791 0.2779, -0.7797 -1.1791 0.2942, -0.7707 -1.1791 0.271, -0.7797 -1.1791 0.2697, -0.7898 -1.1791 0.2717, -0.7921 -1.1791 0.2702, -0.7864 -1.1791 0.2697, -0.7946 -1.1791 0.2693, -0.8128 -1.1791 0.2693, -0.8092 -1.1791 0.2746, -0.81 -1.1791 0.2769, -0.8003 -1.1791 0.3079, -0.8128 -1.1791 0.3383, -0.8053 -1.1791 0.306, -0.8067 -1.1791 0.3052, -0.8128 -1.1791 0.2481, -0.8022 -1.1791 0.2693, -0.8023 -1.1791 0.2693, -0.8049 -1.1791 0.2702, -0.8056 -1.1791 0.2897, -0.8027 -1.1791 0.2912, -0.8026 -1.1791 0.3013, -0.7977 -1.1791 0.2924, -0.7919 -1.1791 0.303, -0.7942 -1.1791 0.3033, -0.7984 -1.1791 0.3028, -0.8071 -1.1791 0.2718, -0.8078 -1.1791 0.2726, -0.7864 -1.1791 0.2756, -0.7866 -1.1791 0.2756, -0.7877 -1.1791 0.274, -0.7681 -1.1791 0.2763, -0.7676 -1.1791 0.2762, -0.7676 -1.1791 0.2903, -0.8104 -1.1791 0.2799, -0.8104 -1.1791 0.2808, -0.7803 -1.1791 0.2993, -0.7704 -1.1791 0.2949, -0.7704 -1.1791 0.2999, -0.7696 -1.1791 0.3021, -0.7827 -1.1791 0.3045, -0.7935 -1.1791 0.3087, -0.7895 -1.1791 0.3083, -0.7867 -1.1791 0.3075, -0.7864 -1.1791 0.2939, -0.7867 -1.1791 0.2969, -0.7874 -1.1791 0.2993, -0.7881 -1.1791 0.3007, -0.7813 -1.1791 0.3023, -0.7706 -1.1791 0.2975, -0.7677 -1.1791 0.2904, -0.7688 -1.1791 0.2915, -0.7696 -1.1791 0.2929, -0.7892 -1.1791 0.3017, -0.7903 -1.1791 0.3025, -0.7643 -1.1791 0.2693, -0.7676 -1.1791 0.2481, -0.7603 -1.1791 0.2688, -0.7468 -1.1791 0.307, -0.7468 -1.1791 0.3005, -0.7453 -1.1791 0.2774, -0.7461 -1.1791 0.2753, -0.7473 -1.1791 0.2735, -0.7683 -1.1791 0.3039, -0.7676 -1.1791 0.3046, -0.7676 -1.1791 0.3383, -0.7664 -1.1791 0.3057, -0.7643 -1.1791 0.3069, -0.7606 -1.1791 0.3082, -0.7558 -1.1791 0.3087, -0.7432 -1.1791 0.3383, -0.7512 -1.1791 0.3083, -0.7472 -1.1791 0.2864, -0.7459 -1.1791 0.2845, -0.7452 -1.1791 0.2826, -0.7449 -1.1791 0.2801, -0.7492 -1.1791 0.2718, -0.7514 -1.1791 0.2706, -0.7565 -1.1791 0.3033, -0.7584 -1.1791 0.3031, -0.7638 -1.1791 0.2981, -0.7602 -1.1791 0.3027, -0.7617 -1.1791 0.3019, -0.7637 -1.1791 0.2973, -0.7634 -1.1791 0.2962, -0.7629 -1.1791 0.2953, -0.7623 -1.1791 0.2946, -0.7599 -1.1791 0.2931, -0.7521 -1.1791 0.3028, -0.7558 -1.1791 0.2913, -0.7483 -1.1791 0.3014, -0.7532 -1.1791 0.2903, -0.7488 -1.1791 0.2878, -0.7627 -1.1791 0.301, -0.7633 -1.1791 0.3001, -0.7636 -1.1791 0.2992, -0.7639 -1.1791 0.2748, -0.7605 -1.1791 0.2865, -0.7645 -1.1791 0.2883, -0.7597 -1.1791 0.2743, -0.7594 -1.1791 0.2743, -0.7561 -1.1791 0.2846, -0.756 -1.1791 0.2746, -0.7518 -1.1791 0.2794, -0.7519 -1.1791 0.2803, -0.7542 -1.1791 0.2753, -0.7536 -1.1791 0.2757, -0.7529 -1.1791 0.2763, -0.7523 -1.1791 0.2772, -0.7519 -1.1791 0.2781, -0.7522 -1.1791 0.2813, -0.7527 -1.1791 0.2822, -0.7535 -1.1791 0.2831, -0.6443 -1.1791 0.369, -0.6639 -1.1791 0.369, -0.6389 -1.1791 0.3544, -0.6639 -1.1791 0.3539, -0.6313 -1.1791 0.3544, -0.6516 -1.1791 0.4078, 1.1811 -1.1791 0.3539, 1.1811 -1.1791 0.4082, -0.6665 -1.1791 0.369, -0.6717 -1.1791 0.3544, -0.6808 -1.1791 0.3539, -0.6793 -1.1791 0.3544, -0.6808 -1.1791 0.4082, -0.6639 -1.1791 0.3948, -0.6639 -1.1791 0.4082, -0.659 -1.1791 0.4078, -0.7013 -1.1791 0.3539, -0.702 -1.1791 0.3555, -0.711 -1.1791 0.3544, -0.7105 -1.1791 0.4078, -0.7013 -1.1791 0.4082, -0.7308 -1.1791 0.4082, -0.7308 -1.1791 0.3539, -0.7257 -1.1791 0.3544, -0.7257 -1.1791 0.4078, -0.6837 -1.1791 0.3721, -0.6863 -1.1791 0.3666, -0.6884 -1.1791 0.3988, -0.6851 -1.1791 0.3942, -0.6903 -1.1791 0.3619, -0.6959 -1.1791 0.3579, -0.7013 -1.1791 0.3558, -0.6903 -1.1791 0.4007, -0.7023 -1.1791 0.4069, -0.7013 -1.1791 0.4065, -0.6959 -1.1791 0.4045, -0.6831 -1.1791 0.3891, -0.6823 -1.1791 0.3818, -0.6824 -1.1791 0.3784, -0.7432 -1.1791 0.4082, -0.737 -1.1791 0.4078, -0.7432 -1.1791 0.4078, -0.737 -1.1791 0.4016, -0.7358 -1.1791 0.3605, -0.7358 -1.1791 0.3544, -0.7432 -1.1791 0.3539, -0.7576 -1.1791 0.3605, -0.7432 -1.1791 0.3605, -0.7576 -1.1791 0.3784, -0.7432 -1.1791 0.3784, -0.7385 -1.1791 0.3784, -0.7385 -1.1791 0.3845, -0.7432 -1.1791 0.4016, -0.7645 -1.1791 0.4078, -0.7676 -1.1791 0.4082, -0.7645 -1.1791 0.3544, -0.816 -1.1791 0.4082, -0.816 -1.1791 0.8858, -0.7955 -1.1791 0.4077, -0.7916 -1.1791 0.4082, -0.8128 -1.1791 0.4082, -0.8128 -1.1791 0.8858, -0.7878 -1.1791 0.4087, -0.7821 -1.1791 0.4082, -0.7676 -1.1791 0.8858, 1.1811 -1.1791 0.9055, -0.4528 -1.1791 0.9055, -0.4528 -1.1791 0.8858, -0.7809 -1.1791 0.4081, -0.7752 -1.1791 0.4065, -0.6639 -1.1791 0.8858, -0.6808 -1.1791 0.8858, -0.7013 -1.1791 0.8858, -0.7308 -1.1791 0.8858, -0.7432 -1.1791 0.8858, -0.7432 -1.1791 0.3544, -0.7752 -1.1791 0.3993, -0.7761 -1.1791 0.3561, -0.7878 -1.1791 0.4024, -0.7902 -1.1791 0.4023, -0.7938 -1.1791 0.3601, -0.789 -1.1791 0.3596, -0.7865 -1.1791 0.3597, -0.7758 -1.1791 0.3996, -0.7805 -1.1791 0.3608, -0.7752 -1.1791 0.3632, -0.7752 -1.1791 0.3566, -0.8013 -1.1791 0.3639, -0.8078 -1.1791 0.3782, -0.8027 -1.1791 0.3652, -0.8069 -1.1791 0.3729, -0.8052 -1.1791 0.3687, -0.7812 -1.1791 0.4017, -0.7948 -1.1791 0.4014, -0.7989 -1.1791 0.3994, -0.8023 -1.1791 0.3965, -0.8027 -1.1791 0.3961, -0.8053 -1.1791 0.3924, -0.8071 -1.1791 0.3878, -0.8079 -1.1791 0.3805, -0.7977 -1.1791 0.3615, -0.8128 -1.1791 0.3924, -0.8113 -1.1791 0.3958, -0.8074 -1.1791 0.4008, -0.8061 -1.1791 0.4021, -0.8011 -1.1791 0.4056, -0.8139 -1.1791 0.3898, -0.8128 -1.1791 0.368, -0.8141 -1.1791 0.3714, -0.816 -1.1791 0.3539, -0.8152 -1.1791 0.3801, -0.8151 -1.1791 0.3829, -0.8047 -1.1791 0.3576, -0.8083 -1.1791 0.3608, -0.8128 -1.1791 0.3539, -0.8088 -1.1791 0.3613, -0.8119 -1.1791 0.3658, -0.79 -1.1791 0.3535, -0.7941 -1.1791 0.3537, -0.7949 -1.1791 0.3539, -0.7997 -1.1791 0.3551, -0.7844 -1.1791 0.3062, -0.7948 -1.1791 0.2692, -0.7983 -1.1791 0.2688, -0.7118 -1.1791 0.3078, -0.7049 -1.1791 0.3078, -0.7013 -1.1791 0.3383, -0.6808 -1.1791 0.3231, -0.6808 -1.1791 0.3383, -0.7201 -1.1791 0.2693, -0.724 -1.1791 0.2792, -0.7232 -1.1791 0.276, -0.723 -1.1791 0.276, -0.7308 -1.1791 0.3383, -0.7308 -1.1791 0.2985, -0.7222 -1.1791 0.2791, -0.7227 -1.1791 0.2773, -0.7308 -1.1791 0.2693, -0.7308 -1.1791 0.2806, -0.7415 -1.1791 0.3078, -0.734 -1.1791 0.3078, -0.7265 -1.1791 0.2698, -0.7267 -1.1791 0.2693, -0.7294 -1.1791 0.2629, -0.7432 -1.1791 0.2481, -0.7401 -1.1791 0.2523, -0.7401 -1.1791 0.2582, -0.732 -1.1791 0.259, -0.7308 -1.1791 0.2604, -0.7308 -1.1791 0.2604, -0.7387 -1.1791 0.2578, -0.7363 -1.1791 0.2575, -0.7308 -1.1791 0.2529, -0.7331 -1.1791 0.2521, -0.7308 -1.1791 0.2481, -0.7358 -1.1791 0.2517, -0.7372 -1.1791 0.2518, -0.7346 -1.1791 0.2577, -0.7332 -1.1791 0.2582, -0.7222 -1.1791 0.2639, -0.7252 -1.1791 0.2581, -0.7013 -1.1791 0.2481, -0.7276 -1.1791 0.2551, -0.7281 -1.1791 0.2547, -0.7304 -1.1791 0.2531, -1.1811 -1.1791 0.1575, -1.1811 -1.1791 0.2481, -1.1811 -1.1791 0.2693, -1.1811 -1.1791 0.3383, -1.1811 -1.1791 0.3539, -1.1811 -1.1791 0.4082, -1.1811 -1.1791 0.9055, -0.8173 -1.1791 0.3605, -0.8173 -1.1791 0.3544, -0.8455 -1.1791 0.3544, -0.8386 -1.1791 0.3605, -0.8386 -1.1791 0.4078, -0.8455 -1.1791 0.4078, -0.816 -1.1791 0.2693, -0.8168 -1.1791 0.2697, -0.8455 -1.1791 0.2697, -0.8168 -1.1791 0.2758, -0.818 -1.1791 0.3169, -0.8386 -1.1791 0.2937, -0.8386 -1.1791 0.2758, -0.8195 -1.1791 0.2937, -0.8195 -1.1791 0.2999, -0.8386 -1.1791 0.2999, -0.8386 -1.1791 0.3169, -0.8455 -1.1791 0.3231, -0.818 -1.1791 0.3231, -0.6589 -1.1791 0.2697, -0.6589 -1.1791 0.3231, -0.6048 -1.1791 0.2697, -0.6124 -1.1791 0.2697, -0.6442 -1.1791 0.2697, 1.1811 -1.1791 0.3383, -0.5847 -1.1791 0.3231, 1.1811 -1.1791 0.2693, -0.5644 -1.1791 0.2697, -0.572 -1.1791 0.2697, -0.5775 -1.1791 0.2843, -0.5997 -1.1791 0.2843, -0.5921 -1.1791 0.3231, -0.6195 -1.1791 0.2819, -0.6235 -1.1791 0.2772, -0.6291 -1.1791 0.2732, -0.6351 -1.1791 0.2708, -0.6235 -1.1791 0.316, -0.6216 -1.1791 0.3142, -0.6183 -1.1791 0.3095, -0.6163 -1.1791 0.3044, -0.6436 -1.1791 0.3231, -0.6355 -1.1791 0.3222, -0.629 -1.1791 0.3198, -0.6154 -1.1791 0.2971, -0.6156 -1.1791 0.2937, -0.6169 -1.1791 0.2874, -0.6808 -1.1791 0.2481, -0.6639 -1.1791 0.2481, 1.1811 -1.1791 0.2481, -0.816 -1.1791 0.1575, -0.8128 -1.1791 0.1575, -0.7676 -1.1791 0.1575, -0.7432 -1.1791 0.1575, -0.7308 -1.1791 0.1575, -0.7013 -1.1791 0.1575, -0.6808 -1.1791 0.1575, -0.6639 -1.1791 0.1575, 1.1811 -1.1791 0.1575, 0.453 0.5515 0.7087, 0.3838 0.6326 0.7087, 0.1004 0.3492 0.7087, 0.5087 0.4607 0.7087, 0.453 -0.2468 0.7087, 0.5087 -0.156 0.7087, 0.1004 -0.0445 0.7087, 0.5494 -0.0575 0.7087, 0.5743 0.0461 0.7087, -0.5767 -0.3279 0.7087, -0.4956 -0.3971 0.7087, -0.2933 -0.0445 0.7087, -0.4048 -0.4528 0.7087, -0.3063 -0.4935 0.7087, 0.1134 -0.4935 0.7087, 0.2119 -0.4528 0.7087, 0.3027 -0.3971 0.7087, 0.3838 -0.3279 0.7087, -0.7424 -0.0575 0.7087, -0.7016 -0.156 0.7087, -0.6459 -0.2468 0.7087, -0.3063 0.7983 0.7087, -0.4048 0.7575 0.7087, -0.2933 0.3492 0.7087, -0.4956 0.7018 0.7087, -0.5767 0.6326 0.7087, 0.5827 0.1524 0.7087, 0.5743 0.2586 0.7087, 0.5494 0.3622 0.7087, -0.7424 0.3622 0.7087, -0.7672 0.2586 0.7087, -0.7756 0.1524 0.7087, -0.7672 0.0461 0.7087, 0.3027 0.7018 0.7087, 0.2119 0.7575 0.7087, 0.1134 0.7983 0.7087, -0.2027 -0.5184 0.7087, -0.0965 -0.5268 0.7087, 0.0098 -0.5184 0.7087, -0.6459 0.5515 0.7087, -0.7016 0.4607 0.7087, 0.0098 0.8231 0.7087, -0.0965 0.8315 0.7087, -0.2027 0.8231 0.7087, 1.1811 1.1831 0.9055, 1.1811 1.1831 0.1575, -1.1811 1.1831 0.9055, -1.1811 1.1831 0.1575, -0.8645 0.9204 0.9055, -0.8237 0.9517 0.9055, -0.9585 0.9792 0.9055, -1.0334 1.0366 0.9055, -1.0477 1.0307 0.9055, -1.0601 1.0212 0.9055, -0.9222 0.7812 0.9055, -0.9759 0.9371 0.9055, -0.9155 0.7303 0.9055, -0.8502 0.0731 0.9055, -0.8958 0.6828 0.9055, -0.8543 0.1524 0.9055, -0.8645 0.642 0.9055, -0.8502 0.2316 0.9055, -0.8378 0.3099 0.9055, -1.018 1.0387 0.9055, -1.0026 1.0366 0.9055, -0.9883 1.0307 0.9055, -0.9759 1.0212 0.9055, 0.6716 -0.3373 0.9055, 0.7029 -0.3781 0.9055, 0.7225 -0.4255 0.9055, 0.7293 -0.4765 0.9055, 0.7225 -0.5274 0.9055, -0.8172 0.3866 0.9055, -0.7888 0.4606 0.9055, -0.7532 0.5307 0.9055, -0.9155 0.8322 0.9055, -0.8958 0.8796 0.9055, -0.9665 0.9494 0.9055, -0.9606 0.9638 0.9055, 0.7029 -0.5749 0.9055, 0.6716 -0.6157 0.9055, 0.6308 -0.647 0.9055, -0.4528 -1.061 0.9055, 0.434 -0.647 0.9055, -1.0601 0.9371 0.9055, -1.0695 0.9494 0.9055, -1.0775 0.9792 0.9055, -1.0755 0.9946 0.9055, -1.0695 1.0089 0.9055, 0.5959 -0.1559 0.9055, 0.5602 -0.2259 0.9055, 0.5834 -0.6666 0.9055, 0.5324 -0.6733 0.9055, 0.4815 -0.6666 0.9055, -1.0755 0.9638 0.9055, -0.9665 1.0089 0.9055, -0.9606 0.9946 0.9055, -0.7253 0.9781 0.9055, -0.7763 0.9714 0.9055, -0.6744 0.9714 0.9055, -0.6269 0.9517 0.9055, -0.5861 0.9204 0.9055, -1.0359 -0.9953 0.9055, -1.0433 -1.061 0.9055, -1.0141 -0.9329 0.9055, -0.9789 -0.8769 0.9055, -1.018 0.9197 0.9055, -0.9321 -0.8302 0.9055, -0.8761 -0.795 0.9055, -1.0334 0.9217 0.9055, -1.0477 0.9277 0.9055, 0.6573 0.2316 0.9055, 0.6614 0.1524 0.9055, 0.1377 -0.5684 0.9055, 0.0611 -0.589 0.9055, -0.482 -0.9329 0.9055, -0.3307 0.8731 0.9055, -0.4047 0.8447 0.9055, -0.4748 0.8091 0.9055, 0.2118 -0.54 0.9055, 0.5599 0.5313 0.9055, 0.5959 0.4606 0.9055, -0.8137 -0.7732 0.9055, -0.8172 -0.0818 0.9055, -0.8378 -0.0052 0.9055, -0.6823 -0.7732 0.9055, -0.6036 -0.4108 0.9055, -0.748 -0.7657 0.9055, -0.6597 -0.3548 0.9055, -0.5639 -0.8302 0.9055, -0.4047 -0.54 0.9055, -0.6199 -0.795 0.9055, -0.4754 -0.504 0.9055, -0.5419 -0.4608 0.9055, -0.5172 -0.8769 0.9055, -0.254 -0.589 0.9055, -0.3307 -0.5684 0.9055, -0.4602 -0.9953 0.9055, 0.3932 -0.6157 0.9055, 0.2819 -0.5043 0.9055, -0.0172 -0.6014 0.9055, -0.0965 -0.6055 0.9055, -0.1757 -0.6014 0.9055, -0.254 0.8937 0.9055, -0.1757 0.9061 0.9055, -0.0965 0.9102 0.9055, -0.0172 0.9061 0.9055, 0.0611 0.8937 0.9055, 0.1377 0.8731 0.9055, 0.2118 0.8447 0.9055, 0.2825 0.8087 0.9055, 0.349 0.7655 0.9055, 0.4107 0.7156 0.9055, 0.6243 0.3866 0.9055, 0.6449 0.3099 0.9055, 0.6573 0.0731 0.9055, 0.6449 -0.0052 0.9055, 0.6243 -0.0818 0.9055, -0.7096 -0.2931 0.9055, -0.7528 -0.2266 0.9055, -0.7888 -0.1559 0.9055, -1.0026 0.9217 0.9055, -0.9883 0.9277 0.9055, 0.4668 0.6595 0.9055, 0.5167 0.5978 0.9055, 0.579 0.2234 0.8268, 0.5734 0.2585 0.8268, 0.5678 0.2936 0.8268, 0.5494 0.3622 0.8268, 0.524 0.4286 0.8268, 0.5078 0.4603 0.8268, 0.4917 0.4919 0.8268, 0.453 0.5515 0.8268, 0.4082 0.6068 0.8268, 0.3831 0.6319 0.8268, 0.358 0.6571 0.8268, 0.3027 0.7018 0.8268, 0.2431 0.7405 0.8268, 0.2114 0.7566 0.8268, 0.1798 0.7728 0.8268, 0.1134 0.7983 0.8268, 0.0447 0.8167 0.8268, 0.0096 0.8222 0.8268, -0.0255 0.8278 0.8268, -0.0965 0.8315 0.8268, -0.1674 0.8278 0.8268, -0.2026 0.8222 0.8268, -0.2377 0.8167 0.8268, -0.3063 0.7983 0.8268, -0.3727 0.7728 0.8268, -0.4044 0.7566 0.8268, -0.436 0.7405 0.8268, -0.4956 0.7018 0.8268, -0.5509 0.6571 0.8268, -0.576 0.6319 0.8268, -0.6012 0.6068 0.8268, -0.6459 0.5515 0.8268, -0.6846 0.4919 0.8268, -0.7007 0.4603 0.8268, -0.7169 0.4286 0.8268, -0.7424 0.3622 0.8268, -0.7607 0.2936 0.8268, -0.7663 0.2585 0.8268, -0.7719 0.2234 0.8268, -0.7756 0.1524 0.8268, -0.7719 0.0814 0.8268, -0.7663 0.0463 0.8268, -0.7607 0.0112 0.8268, -0.7424 -0.0575 0.8268, -0.7169 -0.1239 0.8268, -0.7007 -0.1555 0.8268, -0.6846 -0.1872 0.8268, -0.6459 -0.2468 0.8268, -0.6012 -0.3021 0.8268, -0.576 -0.3272 0.8268, -0.5509 -0.3523 0.8268, -0.4956 -0.3971 0.8268, -0.436 -0.4358 0.8268, -0.4044 -0.4519 0.8268, -0.3727 -0.4681 0.8268, -0.3063 -0.4935 0.8268, -0.2377 -0.5119 0.8268, -0.2026 -0.5175 0.8268, -0.1674 -0.5231 0.8268, -0.0965 -0.5268 0.8268, -0.0255 -0.5231 0.8268, 0.0096 -0.5175 0.8268, 0.0447 -0.5119 0.8268, 0.1134 -0.4935 0.8268, 0.1798 -0.4681 0.8268, 0.2114 -0.4519 0.8268, 0.2431 -0.4358 0.8268, 0.3027 -0.3971 0.8268, 0.358 -0.3523 0.8268, 0.3831 -0.3272 0.8268, 0.4082 -0.3021 0.8268, 0.453 -0.2468 0.8268, 0.4917 -0.1872 0.8268, 0.5078 -0.1555 0.8268, 0.524 -0.1239 0.8268, 0.5494 -0.0575 0.8268, 0.5678 0.0112 0.8268, 0.5734 0.0463 0.8268, 0.579 0.0814 0.8268, 0.5827 0.1524 0.8268, -0.6973 0.613 0.9055, -0.7096 0.5978 0.9055, -0.6931 0.5859 0.9028, 0.5044 -0.3082 0.9055, 0.5167 -0.2931 0.9055, 0.5002 -0.2811 0.9028, -0.5018 0.7103 0.8661, -0.4972 0.704 0.8472, -0.4374 0.7428 0.8472, 0.3089 -0.4056 0.8661, 0.3043 -0.3992 0.8472, 0.2445 -0.4381 0.8472, -0.3071 0.8008 0.8472, -0.3738 0.7752 0.8472, -0.5527 0.6591 0.8472, -0.6869 0.4933 0.8472, 0.1142 -0.4961 0.8472, 0.1809 -0.4705 0.8472, 0.3598 -0.3543 0.8472, 0.494 -0.1885 0.8472, 0.5705 0.0106 0.8472, 0.552 -0.0583 0.8472, 0.5264 -0.125 0.8472, 0.0453 -0.5146 0.8472, -0.0252 -0.5257 0.8472, -0.0965 -0.5295 0.8472, -0.1677 -0.5257 0.8472, -0.2382 -0.5146 0.8472, -0.3071 -0.4961 0.8472, -0.3738 -0.4705 0.8472, -0.4374 -0.4381 0.8472, -0.4972 -0.3992 0.8472, -0.5527 -0.3543 0.8472, -0.6031 -0.3039 0.8472, -0.6481 -0.2484 0.8472, -0.6869 -0.1885 0.8472, -0.7193 -0.125 0.8472, -0.7449 -0.0583 0.8472, -0.7634 0.0106 0.8472, -0.7745 0.0811 0.8472, -0.7783 0.1524 0.8472, -0.7745 0.2236 0.8472, -0.7634 0.2941 0.8472, -0.7449 0.3631 0.8472, -0.7193 0.4297 0.8472, -0.2382 0.8193 0.8472, -0.1677 0.8304 0.8472, -0.0965 0.8342 0.8472, -0.0252 0.8304 0.8472, 0.0453 0.8193 0.8472, 0.1142 0.8008 0.8472, 0.1809 0.7752 0.8472, 0.2445 0.7428 0.8472, 0.3043 0.704 0.8472, 0.3598 0.6591 0.8472, 0.4102 0.6086 0.8472, 0.4551 0.5531 0.8472, 0.494 0.4933 0.8472, 0.5264 0.4297 0.8472, 0.552 0.3631 0.8472, 0.5705 0.2941 0.8472, 0.5816 0.2236 0.8472, 0.5854 0.1524 0.8472, 0.5816 0.0811 0.8472, 0.365 -0.3602 0.8661, 0.3734 -0.3695 0.8824, 0.0469 -0.5222 0.8661, -0.0244 -0.5335 0.8661, -0.0965 -0.5373 0.8661, -0.1685 -0.5335 0.8661, -0.2398 -0.5222 0.8661, -0.3096 -0.5036 0.8661, -0.377 -0.4777 0.8661, -0.4413 -0.4449 0.8661, -0.5018 -0.4056 0.8661, -0.5579 -0.3602 0.8661, -0.609 -0.3091 0.8661, -0.6544 -0.253 0.8661, -0.6937 -0.1925 0.8661, -0.7265 -0.1282 0.8661, -0.7524 -0.0608 0.8661, -0.7711 0.009 0.8661, -0.7824 0.0803 0.8661, -0.7861 0.1524 0.8661, -0.7824 0.2245 0.8661, -0.7711 0.2958 0.8661, -0.7524 0.3655 0.8661, -0.7265 0.4329 0.8661, -0.5579 0.6649 0.8661, -0.5663 0.6742 0.8824, -0.2398 0.827 0.8661, -0.1685 0.8383 0.8661, -0.0965 0.842 0.8661, -0.0244 0.8383 0.8661, 0.0469 0.827 0.8661, 0.1167 0.8083 0.8661, 0.1841 0.7824 0.8661, 0.2484 0.7496 0.8661, 0.3089 0.7103 0.8661, 0.365 0.6649 0.8661, 0.4161 0.6139 0.8661, 0.4615 0.5577 0.8661, 0.5008 0.4972 0.8661, 0.5336 0.4329 0.8661, 0.5595 0.3655 0.8661, 0.5782 0.2958 0.8661, 0.5894 0.2245 0.8661, 0.5932 0.1524 0.8661, 0.5894 0.0803 0.8661, 0.5782 0.009 0.8661, 0.5595 -0.0608 0.8661, 0.5336 -0.1282 0.8661, 0.4102 -0.3039 0.8472, 0.4161 -0.3091 0.8661, 0.4254 -0.3175 0.8824, 0.4375 -0.3284 0.895, 0.1205 -0.5155 0.8824, 0.0495 -0.5345 0.8824, -0.0231 -0.546 0.8824, -0.0965 -0.5498 0.8824, -0.1699 -0.546 0.8824, -0.2425 -0.5345 0.8824, -0.3134 -0.5155 0.8824, -0.3821 -0.4891 0.8824, -0.4476 -0.4558 0.8824, -0.5092 -0.4157 0.8824, -0.5663 -0.3695 0.8824, -0.6183 -0.3175 0.8824, -0.6645 -0.2604 0.8824, -0.7046 -0.1987 0.8824, -0.7379 -0.1332 0.8824, -0.7643 -0.0646 0.8824, -0.7833 0.0064 0.8824, -0.7948 0.079 0.8824, -0.7987 0.1524 0.8824, -0.7948 0.2258 0.8824, -0.7833 0.2984 0.8824, -0.7643 0.3694 0.8824, -0.7379 0.438 0.8824, -0.6031 0.6086 0.8472, -0.609 0.6139 0.8661, -0.6183 0.6222 0.8824, -0.6304 0.6331 0.895, -0.3134 0.8202 0.8824, -0.2425 0.8392 0.8824, -0.1699 0.8507 0.8824, -0.0965 0.8546 0.8824, -0.0231 0.8507 0.8824, 0.0495 0.8392 0.8824, 0.1205 0.8202 0.8824, 0.1892 0.7939 0.8824, 0.2546 0.7605 0.8824, 0.3163 0.7205 0.8824, 0.3734 0.6742 0.8824, 0.4254 0.6222 0.8824, 0.4716 0.5651 0.8824, 0.5117 0.5035 0.8824, 0.545 0.438 0.8824, 0.5714 0.3694 0.8824, 0.5904 0.2984 0.8824, 0.6019 0.2258 0.8824, 0.6057 0.1524 0.8824, 0.6019 0.079 0.8824, 0.5904 0.0064 0.8824, 0.5714 -0.0646 0.8824, 0.545 -0.1332 0.8824, 0.4551 -0.2484 0.8472, 0.4615 -0.253 0.8661, 0.4716 -0.2604 0.8824, 0.4848 -0.27 0.895, 0.1958 -0.504 0.895, 0.1256 -0.531 0.895, 0.0529 -0.5504 0.895, -0.0214 -0.5622 0.895, -0.0965 -0.5661 0.895, -0.1716 -0.5622 0.895, -0.2458 -0.5504 0.895, -0.3185 -0.531 0.895, -0.3887 -0.504 0.895, -0.4557 -0.4699 0.895, -0.5188 -0.4289 0.895, -0.5772 -0.3816 0.895, -0.6304 -0.3284 0.895, -0.6777 -0.27 0.895, -0.7187 -0.2069 0.895, -0.7528 -0.1399 0.895, -0.7798 -0.0697 0.895, -0.7993 0.003 0.895, -0.811 0.0773 0.895, -0.815 0.1524 0.895, -0.811 0.2275 0.895, -0.7993 0.3017 0.895, -0.7798 0.3744 0.895, -0.7528 0.4446 0.895, -0.6481 0.5531 0.8472, -0.6544 0.5577 0.8661, -0.6645 0.5651 0.8824, -0.6777 0.5747 0.895, -0.3887 0.8087 0.895, -0.3185 0.8357 0.895, -0.2458 0.8552 0.895, -0.1716 0.8669 0.895, -0.0965 0.8709 0.895, -0.0214 0.8669 0.895, 0.0529 0.8552 0.895, 0.1256 0.8357 0.895, 0.1958 0.8087 0.895, 0.2628 0.7746 0.895, 0.3259 0.7336 0.895, 0.3843 0.6863 0.895, 0.4375 0.6331 0.895, 0.4848 0.5747 0.895, 0.5258 0.5116 0.895, 0.5599 0.4446 0.895, 0.5869 0.3744 0.895, 0.6063 0.3017 0.895, 0.6181 0.2275 0.895, 0.622 0.1524 0.895, 0.6181 0.0773 0.895, 0.6063 0.003 0.895, 0.5869 -0.0697 0.895, 0.5599 -0.1399 0.895, 0.2723 -0.4863 0.9028, 0.2035 -0.5214 0.9028, 0.1314 -0.549 0.9028, 0.0569 -0.569 0.9028, -0.0194 -0.5811 0.9028, -0.0965 -0.5851 0.9028, -0.1735 -0.5811 0.9028, -0.2498 -0.569 0.9028, -0.3244 -0.549 0.9028, -0.3964 -0.5214 0.9028, -0.4652 -0.4863 0.9028, -0.5299 -0.4443 0.9028, -0.5899 -0.3957 0.9028, -0.6445 -0.3411 0.9028, -0.6931 -0.2811 0.9028, -0.7351 -0.2164 0.9028, -0.7702 -0.1476 0.9028, -0.7979 -0.0755 0.9028, -0.8178 -0.001 0.9028, -0.8299 0.0753 0.9028, -0.834 0.1524 0.9028, -0.8299 0.2295 0.9028, -0.8178 0.3057 0.9028, -0.7979 0.3803 0.9028, -0.7702 0.4523 0.9028, -0.4652 0.7911 0.9028, -0.3964 0.8261 0.9028, -0.3244 0.8538 0.9028, -0.2498 0.8737 0.9028, -0.1735 0.8858 0.9028, -0.0965 0.8899 0.9028, -0.0194 0.8858 0.9028, 0.0569 0.8737 0.9028, 0.1314 0.8538 0.9028, 0.2035 0.8261 0.9028, 0.2723 0.7911 0.9028, 0.337 0.749 0.9028, 0.397 0.7004 0.9028, 0.4516 0.6458 0.9028, 0.5002 0.5859 0.9028, 0.5422 0.5211 0.9028, 0.5773 0.4523 0.9028, 0.6049 0.3803 0.9028, 0.6249 0.3057 0.9028, 0.637 0.2295 0.9028, 0.641 0.1524 0.9028, 0.637 0.0753 0.9028, 0.6249 -0.001 0.9028, 0.6049 -0.0755 0.9028, 0.5773 -0.1476 0.9028, 0.5599 -0.2266 0.9055, 0.5422 -0.2164 0.9028, 0.5258 -0.2069 0.895, 0.5117 -0.1987 0.8824, 0.5008 -0.1925 0.8661, 0.2484 -0.4449 0.8661, 0.3163 -0.4157 0.8824, 0.3843 -0.3816 0.895, 0.4516 -0.3411 0.9028, 0.4668 -0.3548 0.9055, 0.397 -0.3957 0.9028, 0.4107 -0.4108 0.9055, 0.4387 -0.3828 0.9055, 0.1841 -0.4777 0.8661, 0.2546 -0.4558 0.8824, 0.3259 -0.4289 0.895, 0.1167 -0.5036 0.8661, 0.1892 -0.4891 0.8824, 0.2628 -0.4699 0.895, 0.337 -0.4443 0.9028, 0.349 -0.4608 0.9055, 0.3641 -0.4485 0.9055, 0.2825 -0.504 0.9055, -0.7528 0.5313 0.9055, -0.7351 0.5211 0.9028, -0.7187 0.5116 0.895, -0.7046 0.5035 0.8824, -0.6937 0.4972 0.8661, -0.4413 0.7496 0.8661, -0.5092 0.7205 0.8824, -0.5772 0.6863 0.895, -0.6445 0.6458 0.9028, -0.6597 0.6595 0.9055, -0.5899 0.7004 0.9028, -0.6036 0.7156 0.9055, -0.6316 0.6875 0.9055, -0.377 0.7824 0.8661, -0.4476 0.7605 0.8824, -0.5188 0.7336 0.895, -0.3096 0.8083 0.8661, -0.3821 0.7939 0.8824, -0.4557 0.7746 0.895, -0.5299 0.749 0.9028, -0.5419 0.7655 0.9055, -0.557 0.7532 0.9055, -0.4754 0.8087 0.9055, 0.4394 -0.3835 0.9016, 0.505 -0.3087 0.9016, 0.5602 -0.2259 0.9016, 0.3646 -0.4491 0.9016, 0.2819 -0.5043 0.9016, 0.6716 -0.3373 0.9016, 0.3932 -0.6157 0.9016, 0.434 -0.647 0.9016, 0.4815 -0.6666 0.9016, 0.5324 -0.6733 0.9016, 0.5834 -0.6666 0.9016, 0.6308 -0.647 0.9016, 0.6716 -0.6157 0.9016, 0.7029 -0.5749 0.9016, 0.7225 -0.5274 0.9016, 0.7293 -0.4765 0.9016, 0.7225 -0.4255 0.9016, 0.7029 -0.3781 0.9016, 0.4906 -0.4347 0.9016, 0.5029 -0.4254 0.9016, 0.5477 -0.4195 0.9016, 0.4813 -0.506 0.9016, 0.5171 -0.4195 0.9016, 0.5324 -0.4174 0.9016, 0.5619 -0.4254 0.9016, 0.5742 -0.4347 0.9016, 0.5835 -0.447 0.9016, 0.5894 -0.4612 0.9016, 0.5915 -0.4765 0.9016, 0.5894 -0.4918 0.9016, 0.5835 -0.506 0.9016, 0.5742 -0.5183 0.9016, 0.5619 -0.5276 0.9016, 0.5477 -0.5335 0.9016, 0.5324 -0.5356 0.9016, 0.5171 -0.5335 0.9016, 0.5029 -0.5276 0.9016, 0.4906 -0.5183 0.9016, 0.4754 -0.4918 0.9016, 0.4733 -0.4765 0.9016, 0.4754 -0.4612 0.9016, 0.4813 -0.447 0.9016, 0.5915 -0.4765 0.5079, 0.5894 -0.4612 0.5079, 0.5835 -0.447 0.5079, 0.5742 -0.4347 0.5079, 0.5619 -0.4254 0.5079, 0.5477 -0.4195 0.5079, 0.5324 -0.4174 0.5079, 0.5171 -0.4195 0.5079, 0.5029 -0.4254 0.5079, 0.4906 -0.4347 0.5079, 0.4813 -0.447 0.5079, 0.4754 -0.4612 0.5079, 0.4733 -0.4765 0.5079, 0.4754 -0.4918 0.5079, 0.4813 -0.506 0.5079, 0.4906 -0.5183 0.5079, 0.5029 -0.5276 0.5079, 0.5171 -0.5335 0.5079, 0.5324 -0.5356 0.5079, 0.5477 -0.5335 0.5079, 0.5619 -0.5276 0.5079, 0.5742 -0.5183 0.5079, 0.5835 -0.506 0.5079, 0.5894 -0.4918 0.5079, 0.5324 -0.4765 0.5079, -0.6324 0.6883 0.9016, -0.6979 0.6134 0.9016, -0.7532 0.5307 0.9016, -0.5575 0.7538 0.9016, -0.4748 0.8091 0.9016, -0.8645 0.642 0.9016, -0.5861 0.9204 0.9016, -0.6269 0.9517 0.9016, -0.6744 0.9714 0.9016, -0.7253 0.9781 0.9016, -0.7763 0.9714 0.9016, -0.8237 0.9517 0.9016, -0.8645 0.9204 0.9016, -0.8958 0.8796 0.9016, -0.9155 0.8322 0.9016, -0.9222 0.7812 0.9016, -0.9155 0.7303 0.9016, -0.8958 0.6828 0.9016, -0.7406 0.7242 0.9016, -0.6663 0.7812 0.9016, -0.6683 0.7659 0.9016, -0.6742 0.7517 0.9016, -0.6836 0.7395 0.9016, -0.6958 0.7301 0.9016, -0.71 0.7242 0.9016, -0.7253 0.7222 0.9016, -0.6742 0.8108 0.9016, -0.6683 0.7965 0.9016, -0.7548 0.7301 0.9016, -0.7671 0.7395 0.9016, -0.7765 0.7517 0.9016, -0.7824 0.7659 0.9016, -0.7844 0.7812 0.9016, -0.7824 0.7965 0.9016, -0.7765 0.8108 0.9016, -0.7671 0.823 0.9016, -0.7548 0.8324 0.9016, -0.7406 0.8383 0.9016, -0.7253 0.8403 0.9016, -0.71 0.8383 0.9016, -0.6958 0.8324 0.9016, -0.6836 0.823 0.9016, -0.7844 0.7812 0.5079, -0.7824 0.7659 0.5079, -0.7765 0.7517 0.5079, -0.7671 0.7395 0.5079, -0.7548 0.7301 0.5079, -0.7406 0.7242 0.5079, -0.7253 0.7222 0.5079, -0.71 0.7242 0.5079, -0.6958 0.7301 0.5079, -0.6836 0.7395 0.5079, -0.6742 0.7517 0.5079, -0.6683 0.7659 0.5079, -0.6663 0.7812 0.5079, -0.6683 0.7965 0.5079, -0.6742 0.8108 0.5079, -0.6836 0.823 0.5079, -0.6958 0.8324 0.5079, -0.71 0.8383 0.5079, -0.7253 0.8403 0.5079, -0.7406 0.8383 0.5079, -0.7548 0.8324 0.5079, -0.7671 0.823 0.5079, -0.7765 0.8108 0.5079, -0.7824 0.7965 0.5079, -0.7253 0.7812 0.5079
            ]
        }
        coordIndex [
            0,1,2,-1,3,4,5,-1,6,7,8,-1,9,10,11,-1,12,13,14,-1,15,16,17,-1,18,19,20,-1,21,22,23,-1,23,22,3,-1,24,25,23,-1,23,25,26,-1,23,26,21,-1,27,28,23,-1,23,28,29,-1,23,29,24,-1,30,31,32,-1,32,31,33,-1,34,35,36,-1,36,35,32,-1,36,32,37,-1,37,32,38,-1,33,39,40,-1,41,42,33,-1,33,42,43,-1,33,43,44,-1,38,32,45,-1,45,32,33,-1,45,33,46,-1,46,33,40,-1,46,40,47,-1,47,40,48,-1,47,48,49,-1,44,50,33,-1,33,50,51,-1,33,51,39,-1,52,53,54,-1,54,53,55,-1,54,55,56,-1,56,57,54,-1,54,57,58,-1,54,58,59,-1,59,58,60,-1,60,61,59,-1,59,61,62,-1,59,62,41,-1,41,62,63,-1,41,63,42,-1,64,65,66,-1,66,65,67,-1,66,67,54,-1,54,67,68,-1,54,68,52,-1,69,70,71,-1,71,70,72,-1,71,72,73,-1,69,74,70,-1,70,74,75,-1,70,75,66,-1,66,75,76,-1,66,76,64,-1,0,77,1,-1,1,77,78,-1,1,78,79,-1,79,80,1,-1,1,80,81,-1,1,81,73,-1,82,83,4,-1,84,85,86,-1,87,88,0,-1,89,90,91,-1,91,90,92,-1,84,86,93,-1,87,0,94,-1,95,96,90,-1,90,96,97,-1,90,97,98,-1,4,83,0,-1,0,83,99,-1,0,99,94,-1,85,100,86,-1,86,100,101,-1,86,101,102,-1,103,104,105,-1,105,104,106,-1,105,106,107,-1,108,98,109,-1,109,98,110,-1,109,110,105,-1,105,110,111,-1,105,111,103,-1,108,112,98,-1,98,112,113,-1,98,113,90,-1,90,113,114,-1,90,114,92,-1,115,116,117,-1,117,116,118,-1,117,118,86,-1,86,118,119,-1,86,119,93,-1,120,121,86,-1,86,121,122,-1,86,122,90,-1,90,122,123,-1,90,123,95,-1,124,125,77,-1,77,125,126,-1,77,126,127,-1,127,128,77,-1,77,128,129,-1,77,129,130,-1,130,129,115,-1,130,115,131,-1,131,115,117,-1,88,132,0,-1,0,132,133,-1,0,133,77,-1,77,133,134,-1,77,134,124,-1,102,135,86,-1,86,135,136,-1,86,136,137,-1,137,138,86,-1,86,138,139,-1,86,139,120,-1,140,141,142,-1,142,98,140,-1,140,98,97,-1,140,97,143,-1,143,97,144,-1,144,145,143,-1,143,145,146,-1,143,146,147,-1,148,149,150,-1,149,151,150,-1,150,151,152,-1,150,152,153,-1,154,150,155,-1,141,140,154,-1,154,140,156,-1,154,156,150,-1,150,156,157,-1,150,157,148,-1,155,158,154,-1,154,158,159,-1,154,159,160,-1,153,152,161,-1,161,152,162,-1,161,162,163,-1,163,162,164,-1,163,164,165,-1,166,167,160,-1,160,167,168,-1,160,168,154,-1,22,169,3,-1,3,169,170,-1,3,170,4,-1,4,170,171,-1,4,171,82,-1,172,173,174,-1,174,173,175,-1,172,176,177,-1,177,176,178,-1,179,180,181,-1,181,180,182,-1,182,180,183,-1,183,180,172,-1,183,172,184,-1,184,172,177,-1,184,177,20,-1,20,177,185,-1,20,185,18,-1,173,186,175,-1,175,186,187,-1,175,187,188,-1,188,187,189,-1,190,191,192,-1,192,191,193,-1,194,195,196,-1,196,195,197,-1,196,197,16,-1,198,199,200,-1,200,199,201,-1,200,201,197,-1,202,203,204,-1,205,206,207,-1,207,206,208,-1,209,210,202,-1,202,210,211,-1,202,211,212,-1,190,213,191,-1,191,213,214,-1,191,214,215,-1,215,214,216,-1,217,218,216,-1,216,218,219,-1,216,219,215,-1,212,220,202,-1,202,220,221,-1,202,221,203,-1,222,223,200,-1,200,223,224,-1,200,224,198,-1,225,226,227,-1,204,228,202,-1,202,228,229,-1,202,229,206,-1,206,229,193,-1,206,193,208,-1,208,193,191,-1,230,195,231,-1,232,233,234,-1,205,235,206,-1,206,235,236,-1,206,236,237,-1,238,239,216,-1,216,239,240,-1,216,240,241,-1,225,227,194,-1,234,242,232,-1,232,242,230,-1,232,230,243,-1,243,230,231,-1,227,244,194,-1,194,244,245,-1,194,245,195,-1,195,245,246,-1,195,246,231,-1,241,247,216,-1,216,247,248,-1,216,248,217,-1,15,17,249,-1,249,17,250,-1,249,250,251,-1,252,253,14,-1,254,255,14,-1,14,255,256,-1,257,258,259,-1,259,258,260,-1,259,260,261,-1,261,262,259,-1,259,262,263,-1,259,263,264,-1,264,263,265,-1,264,265,252,-1,266,267,253,-1,253,267,268,-1,253,268,14,-1,14,268,269,-1,14,269,254,-1,256,270,14,-1,14,270,271,-1,14,271,12,-1,272,273,274,-1,274,273,275,-1,274,275,276,-1,274,277,272,-1,272,277,278,-1,272,278,279,-1,279,280,272,-1,272,280,281,-1,272,281,282,-1,282,281,283,-1,282,283,284,-1,284,283,285,-1,284,285,253,-1,253,285,286,-1,253,286,266,-1,287,288,276,-1,276,288,289,-1,276,289,274,-1,290,291,226,-1,226,291,292,-1,226,292,227,-1,290,293,291,-1,291,293,294,-1,291,294,295,-1,295,294,296,-1,295,297,298,-1,296,299,295,-1,295,299,300,-1,295,300,301,-1,301,302,295,-1,295,302,303,-1,295,303,297,-1,298,304,295,-1,295,304,305,-1,295,305,306,-1,307,308,309,-1,309,308,310,-1,309,310,311,-1,312,313,314,-1,308,315,310,-1,310,315,316,-1,310,316,317,-1,317,316,318,-1,317,318,319,-1,319,318,320,-1,319,320,321,-1,321,320,322,-1,323,324,325,-1,326,327,328,-1,323,325,329,-1,329,325,330,-1,329,330,328,-1,328,330,331,-1,328,331,326,-1,332,333,317,-1,334,335,319,-1,333,336,317,-1,317,336,337,-1,317,337,323,-1,323,337,338,-1,323,338,324,-1,334,319,339,-1,326,340,327,-1,327,340,341,-1,327,341,319,-1,319,341,342,-1,319,342,339,-1,335,343,319,-1,319,343,344,-1,319,344,317,-1,317,344,345,-1,317,345,332,-1,328,346,347,-1,347,346,348,-1,347,349,328,-1,328,349,350,-1,328,350,329,-1,329,350,351,-1,329,351,352,-1,353,354,355,-1,355,354,356,-1,356,354,357,-1,357,354,350,-1,357,350,358,-1,358,350,349,-1,358,349,11,-1,11,349,359,-1,11,359,9,-1,348,346,360,-1,360,346,361,-1,360,361,362,-1,363,364,35,-1,365,366,367,-1,367,366,368,-1,367,368,364,-1,366,369,368,-1,368,369,370,-1,368,370,371,-1,314,372,373,-1,373,374,314,-1,314,374,321,-1,314,321,312,-1,312,321,322,-1,375,376,361,-1,374,377,321,-1,321,377,378,-1,321,378,319,-1,319,378,379,-1,319,379,327,-1,327,379,380,-1,327,380,328,-1,328,380,381,-1,328,381,346,-1,346,381,371,-1,346,371,361,-1,361,371,370,-1,361,370,375,-1,351,382,352,-1,352,382,362,-1,352,362,8,-1,8,362,361,-1,8,361,383,-1,383,361,376,-1,6,8,384,-1,385,386,387,-1,388,389,390,-1,390,389,391,-1,390,391,383,-1,383,391,392,-1,383,392,8,-1,8,392,393,-1,8,393,384,-1,394,395,396,-1,396,395,397,-1,396,397,398,-1,388,390,387,-1,387,390,399,-1,387,399,385,-1,386,400,387,-1,387,400,401,-1,387,401,402,-1,402,403,387,-1,387,403,404,-1,387,404,405,-1,405,406,387,-1,387,406,395,-1,387,395,407,-1,407,395,394,-1,408,409,367,-1,367,409,410,-1,410,411,367,-1,367,411,412,-1,367,412,365,-1,364,363,367,-1,367,363,413,-1,367,413,408,-1,414,415,416,-1,416,415,417,-1,416,417,363,-1,363,417,418,-1,363,418,413,-1,419,420,421,-1,421,420,422,-1,421,422,423,-1,424,425,206,-1,206,425,426,-1,206,426,421,-1,421,426,427,-1,421,427,419,-1,7,424,259,-1,259,424,206,-1,259,206,257,-1,257,206,237,-1,257,237,233,-1,233,237,428,-1,233,428,234,-1,16,197,17,-1,17,197,201,-1,17,201,250,-1,250,201,429,-1,250,429,209,-1,209,429,430,-1,209,430,210,-1,431,432,433,-1,178,176,434,-1,434,176,435,-1,434,435,189,-1,189,435,433,-1,189,433,188,-1,188,433,432,-1,188,432,436,-1,437,438,439,-1,433,440,431,-1,431,440,441,-1,431,441,442,-1,442,441,437,-1,442,437,443,-1,443,437,439,-1,444,445,14,-1,14,445,446,-1,252,14,264,-1,264,14,446,-1,264,446,440,-1,440,446,447,-1,440,447,441,-1,448,445,449,-1,449,445,444,-1,449,444,450,-1,451,452,453,-1,454,455,444,-1,444,455,456,-1,444,456,450,-1,251,250,13,-1,13,250,451,-1,13,451,14,-1,14,451,453,-1,14,453,444,-1,444,453,457,-1,444,457,458,-1,459,460,461,-1,461,460,462,-1,461,462,451,-1,451,462,463,-1,451,463,452,-1,458,464,444,-1,444,464,465,-1,444,465,454,-1,466,467,468,-1,466,468,436,-1,467,469,468,-1,468,469,470,-1,468,470,461,-1,461,470,471,-1,461,471,459,-1,472,70,473,-1,473,70,66,-1,473,66,474,-1,474,66,54,-1,474,54,475,-1,475,54,59,-1,475,59,476,-1,476,59,41,-1,476,41,477,-1,477,41,33,-1,477,33,478,-1,478,33,31,-1,363,479,416,-1,416,479,480,-1,416,480,481,-1,482,479,483,-1,483,479,363,-1,483,363,23,-1,23,363,35,-1,23,35,27,-1,27,35,34,-1,5,416,3,-1,3,416,481,-1,3,481,23,-1,23,481,484,-1,23,484,483,-1,485,486,487,-1,486,485,488,-1,488,485,5,-1,488,5,489,-1,490,491,492,-1,492,491,488,-1,492,488,493,-1,493,488,489,-1,493,489,494,-1,494,489,495,-1,2,485,0,-1,0,485,487,-1,0,487,4,-1,4,487,496,-1,4,496,5,-1,5,496,497,-1,5,497,489,-1,2,209,485,-1,485,209,202,-1,485,202,5,-1,5,202,206,-1,5,206,416,-1,416,206,421,-1,416,421,414,-1,414,421,423,-1,7,259,8,-1,8,259,264,-1,8,264,352,-1,352,264,440,-1,352,440,329,-1,329,440,433,-1,329,433,323,-1,323,433,435,-1,323,435,317,-1,317,435,176,-1,317,176,310,-1,172,174,176,-1,176,174,498,-1,176,498,499,-1,500,501,174,-1,174,501,502,-1,174,502,498,-1,503,504,505,-1,505,504,506,-1,505,506,174,-1,174,506,507,-1,174,507,500,-1,500,507,508,-1,500,508,509,-1,312,311,313,-1,313,311,310,-1,313,310,503,-1,503,310,176,-1,503,176,504,-1,504,176,510,-1,501,511,512,-1,512,513,501,-1,501,513,514,-1,501,514,502,-1,515,516,510,-1,510,516,517,-1,510,517,518,-1,499,519,176,-1,176,519,520,-1,176,520,510,-1,510,520,521,-1,510,521,515,-1,518,522,510,-1,510,522,523,-1,510,523,501,-1,501,523,524,-1,501,524,511,-1,436,468,188,-1,188,468,525,-1,188,525,175,-1,175,525,526,-1,175,526,174,-1,174,526,527,-1,174,527,505,-1,73,72,1,-1,1,72,528,-1,1,528,2,-1,2,528,529,-1,2,529,209,-1,209,529,530,-1,209,530,250,-1,250,530,531,-1,250,531,451,-1,451,531,532,-1,451,532,461,-1,461,532,533,-1,461,533,468,-1,468,533,534,-1,468,534,525,-1,525,534,535,-1,525,535,526,-1,526,535,536,-1,526,536,527,-1,537,538,539,-1,537,539,540,-1,541,542,543,-1,543,542,544,-1,543,544,545,-1,546,547,548,-1,548,547,549,-1,548,549,550,-1,543,551,552,-1,552,553,543,-1,543,553,554,-1,543,554,541,-1,555,556,548,-1,548,556,557,-1,548,557,546,-1,558,559,560,-1,560,559,561,-1,560,561,562,-1,545,563,543,-1,543,563,564,-1,543,564,539,-1,539,564,565,-1,539,565,540,-1,566,567,560,-1,560,567,568,-1,560,568,548,-1,548,568,569,-1,548,569,555,-1,538,570,539,-1,539,570,571,-1,539,571,572,-1,550,573,548,-1,548,573,574,-1,548,574,543,-1,543,574,575,-1,543,575,551,-1,562,576,560,-1,560,576,577,-1,560,577,566,-1,572,578,539,-1,539,578,579,-1,539,579,560,-1,560,579,580,-1,560,580,558,-1,581,372,582,-1,582,372,536,-1,583,581,584,-1,584,581,582,-1,478,583,472,-1,472,583,584,-1,585,586,587,-1,588,583,589,-1,589,583,590,-1,591,592,593,-1,593,592,594,-1,593,594,595,-1,595,594,596,-1,595,596,597,-1,597,596,598,-1,597,598,599,-1,588,600,583,-1,583,600,601,-1,583,601,581,-1,581,601,602,-1,581,602,603,-1,604,605,581,-1,581,605,606,-1,581,606,372,-1,372,606,607,-1,372,607,608,-1,599,609,597,-1,597,609,610,-1,597,610,611,-1,591,612,592,-1,592,612,613,-1,592,613,614,-1,614,613,585,-1,614,585,615,-1,615,585,587,-1,608,616,372,-1,372,616,617,-1,372,617,618,-1,619,373,620,-1,478,621,622,-1,623,624,583,-1,583,624,625,-1,583,625,590,-1,626,627,604,-1,618,628,372,-1,372,628,629,-1,372,629,373,-1,373,629,630,-1,373,630,620,-1,478,622,583,-1,583,622,631,-1,583,631,623,-1,603,632,581,-1,581,632,633,-1,581,633,634,-1,634,633,587,-1,634,587,635,-1,635,587,586,-1,634,636,581,-1,581,636,637,-1,581,637,638,-1,639,478,640,-1,640,478,30,-1,641,642,643,-1,643,642,644,-1,643,644,645,-1,641,643,639,-1,639,643,646,-1,639,646,478,-1,478,646,647,-1,478,647,621,-1,648,649,581,-1,650,651,652,-1,653,638,654,-1,654,638,655,-1,650,652,656,-1,581,657,658,-1,659,660,661,-1,662,663,664,-1,664,663,665,-1,666,667,668,-1,668,667,669,-1,668,669,662,-1,662,669,670,-1,662,670,663,-1,671,672,666,-1,666,672,673,-1,666,673,667,-1,619,620,674,-1,674,620,675,-1,674,675,652,-1,652,675,676,-1,652,676,656,-1,651,677,652,-1,652,677,678,-1,652,678,671,-1,671,678,679,-1,671,679,672,-1,653,680,638,-1,638,680,681,-1,638,681,581,-1,581,681,682,-1,581,682,683,-1,683,684,581,-1,581,684,685,-1,581,685,686,-1,686,687,581,-1,581,687,688,-1,581,688,689,-1,658,690,581,-1,581,690,691,-1,581,691,648,-1,649,692,581,-1,581,692,693,-1,581,693,604,-1,604,693,694,-1,604,694,626,-1,665,695,664,-1,664,695,696,-1,664,696,659,-1,659,696,697,-1,659,697,660,-1,645,659,643,-1,643,659,661,-1,643,661,698,-1,698,661,594,-1,698,594,699,-1,699,594,592,-1,689,700,581,-1,581,700,701,-1,581,701,657,-1,472,584,536,-1,536,584,582,-1,702,564,563,-1,702,703,564,-1,564,703,704,-1,564,704,565,-1,704,705,565,-1,565,705,706,-1,565,706,540,-1,706,707,540,-1,540,707,708,-1,540,708,537,-1,708,709,537,-1,537,709,710,-1,537,710,538,-1,710,711,538,-1,538,711,712,-1,538,712,570,-1,712,713,570,-1,570,713,714,-1,570,714,571,-1,714,715,571,-1,571,715,716,-1,571,716,572,-1,716,717,572,-1,572,717,718,-1,572,718,578,-1,718,719,578,-1,578,719,720,-1,578,720,579,-1,720,721,579,-1,579,721,722,-1,579,722,580,-1,722,723,580,-1,580,723,724,-1,580,724,558,-1,724,725,558,-1,558,725,726,-1,558,726,559,-1,726,727,559,-1,559,727,728,-1,559,728,561,-1,728,729,561,-1,561,729,730,-1,561,730,562,-1,730,731,562,-1,562,731,732,-1,562,732,576,-1,732,733,576,-1,576,733,734,-1,576,734,577,-1,734,735,577,-1,577,735,736,-1,577,736,566,-1,736,737,566,-1,566,737,738,-1,566,738,567,-1,738,739,567,-1,567,739,740,-1,567,740,568,-1,740,741,568,-1,568,741,742,-1,568,742,569,-1,742,743,569,-1,569,743,744,-1,569,744,555,-1,744,745,555,-1,555,745,746,-1,555,746,556,-1,746,747,556,-1,556,747,748,-1,556,748,557,-1,748,749,557,-1,557,749,750,-1,557,750,546,-1,750,751,546,-1,546,751,752,-1,546,752,547,-1,752,753,547,-1,547,753,754,-1,547,754,549,-1,754,755,549,-1,549,755,756,-1,549,756,550,-1,756,757,550,-1,550,757,758,-1,550,758,573,-1,758,759,573,-1,573,759,760,-1,573,760,574,-1,760,761,574,-1,574,761,762,-1,574,762,575,-1,762,763,575,-1,575,763,764,-1,575,764,551,-1,764,765,551,-1,551,765,766,-1,551,766,552,-1,766,767,552,-1,552,767,768,-1,552,768,553,-1,768,769,553,-1,553,769,770,-1,553,770,554,-1,770,771,554,-1,554,771,772,-1,554,772,541,-1,772,773,541,-1,541,773,774,-1,541,774,542,-1,774,775,542,-1,542,775,776,-1,542,776,544,-1,776,777,544,-1,544,777,778,-1,544,778,545,-1,778,779,545,-1,545,779,780,-1,545,780,563,-1,563,780,781,-1,563,781,702,-1,782,783,784,-1,785,786,787,-1,788,789,790,-1,791,792,793,-1,794,725,724,-1,795,726,725,-1,726,795,727,-1,731,730,796,-1,735,734,797,-1,798,765,764,-1,799,766,765,-1,766,799,767,-1,771,770,800,-1,775,774,801,-1,802,777,803,-1,803,777,776,-1,803,776,804,-1,767,793,768,-1,768,793,792,-1,768,792,769,-1,805,764,763,-1,763,762,806,-1,806,762,761,-1,806,761,807,-1,807,761,760,-1,807,760,808,-1,808,760,759,-1,808,759,809,-1,759,758,809,-1,809,758,757,-1,809,757,810,-1,810,757,756,-1,810,756,811,-1,811,756,755,-1,811,755,812,-1,755,754,812,-1,812,754,753,-1,812,753,813,-1,813,753,752,-1,813,752,814,-1,814,752,751,-1,814,751,815,-1,751,750,815,-1,815,750,749,-1,815,749,816,-1,816,749,748,-1,816,748,817,-1,817,748,747,-1,817,747,818,-1,747,746,818,-1,818,746,745,-1,818,745,819,-1,819,745,744,-1,819,744,820,-1,820,744,743,-1,820,743,821,-1,743,742,821,-1,821,742,741,-1,821,741,822,-1,822,741,740,-1,822,740,823,-1,823,740,739,-1,823,739,824,-1,739,738,824,-1,824,738,737,-1,824,737,825,-1,825,737,736,-1,825,736,826,-1,727,790,728,-1,728,790,789,-1,728,789,729,-1,827,724,723,-1,723,722,828,-1,828,722,721,-1,828,721,829,-1,829,721,720,-1,829,720,830,-1,830,720,719,-1,830,719,831,-1,719,718,831,-1,831,718,717,-1,831,717,832,-1,832,717,716,-1,832,716,833,-1,833,716,715,-1,833,715,834,-1,715,714,834,-1,834,714,713,-1,834,713,835,-1,835,713,712,-1,835,712,836,-1,836,712,711,-1,836,711,837,-1,711,710,837,-1,837,710,709,-1,837,709,838,-1,838,709,708,-1,838,708,839,-1,839,708,707,-1,839,707,840,-1,707,706,840,-1,840,706,705,-1,840,705,841,-1,841,705,704,-1,841,704,842,-1,842,704,703,-1,842,703,843,-1,703,702,843,-1,843,702,781,-1,843,781,844,-1,844,781,780,-1,844,780,845,-1,845,780,779,-1,845,779,802,-1,802,779,778,-1,802,778,777,-1,770,769,800,-1,800,769,792,-1,800,792,846,-1,846,792,791,-1,846,791,847,-1,848,806,849,-1,849,806,807,-1,849,807,850,-1,850,807,808,-1,850,808,851,-1,851,808,809,-1,851,809,852,-1,852,809,810,-1,852,810,853,-1,853,810,811,-1,853,811,854,-1,854,811,812,-1,854,812,855,-1,855,812,813,-1,855,813,856,-1,856,813,814,-1,856,814,857,-1,857,814,815,-1,857,815,858,-1,858,815,816,-1,858,816,859,-1,859,816,817,-1,859,817,860,-1,860,817,818,-1,860,818,861,-1,861,818,819,-1,861,819,862,-1,862,819,820,-1,862,820,863,-1,863,820,821,-1,863,821,864,-1,864,821,822,-1,864,822,865,-1,865,822,823,-1,865,823,866,-1,866,823,824,-1,866,824,867,-1,867,824,825,-1,867,825,868,-1,868,825,826,-1,868,826,869,-1,730,729,796,-1,796,729,789,-1,796,789,870,-1,870,789,788,-1,870,788,871,-1,872,828,873,-1,873,828,829,-1,873,829,874,-1,874,829,830,-1,874,830,875,-1,875,830,831,-1,875,831,876,-1,876,831,832,-1,876,832,877,-1,877,832,833,-1,877,833,878,-1,878,833,834,-1,878,834,879,-1,879,834,835,-1,879,835,880,-1,880,835,836,-1,880,836,881,-1,881,836,837,-1,881,837,882,-1,882,837,838,-1,882,838,883,-1,883,838,839,-1,883,839,884,-1,884,839,840,-1,884,840,885,-1,885,840,841,-1,885,841,886,-1,886,841,842,-1,886,842,887,-1,887,842,843,-1,887,843,888,-1,888,843,844,-1,888,844,889,-1,889,844,845,-1,889,845,890,-1,890,845,802,-1,890,802,891,-1,891,802,803,-1,891,803,892,-1,892,803,804,-1,892,804,893,-1,772,771,894,-1,894,771,800,-1,894,800,895,-1,895,800,846,-1,895,846,896,-1,896,846,847,-1,896,847,897,-1,898,848,899,-1,899,848,849,-1,899,849,900,-1,900,849,850,-1,900,850,901,-1,901,850,851,-1,901,851,902,-1,902,851,852,-1,902,852,903,-1,903,852,853,-1,903,853,904,-1,904,853,854,-1,904,854,905,-1,905,854,855,-1,905,855,906,-1,906,855,856,-1,906,856,907,-1,907,856,857,-1,907,857,908,-1,908,857,858,-1,908,858,909,-1,909,858,859,-1,909,859,910,-1,910,859,860,-1,910,860,911,-1,911,860,861,-1,911,861,912,-1,912,861,862,-1,912,862,913,-1,913,862,863,-1,913,863,914,-1,914,863,864,-1,914,864,915,-1,915,864,865,-1,915,865,916,-1,916,865,866,-1,916,866,917,-1,917,866,867,-1,917,867,918,-1,918,867,868,-1,918,868,919,-1,919,868,869,-1,919,869,920,-1,732,731,921,-1,921,731,796,-1,921,796,922,-1,922,796,870,-1,922,870,923,-1,923,870,871,-1,923,871,924,-1,925,872,926,-1,926,872,873,-1,926,873,927,-1,927,873,874,-1,927,874,928,-1,928,874,875,-1,928,875,929,-1,929,875,876,-1,929,876,930,-1,930,876,877,-1,930,877,931,-1,931,877,878,-1,931,878,932,-1,932,878,879,-1,932,879,933,-1,933,879,880,-1,933,880,934,-1,934,880,881,-1,934,881,935,-1,935,881,882,-1,935,882,936,-1,936,882,883,-1,936,883,937,-1,937,883,884,-1,937,884,938,-1,938,884,885,-1,938,885,939,-1,939,885,886,-1,939,886,940,-1,940,886,887,-1,940,887,941,-1,941,887,888,-1,941,888,942,-1,942,888,889,-1,942,889,943,-1,943,889,890,-1,943,890,944,-1,944,890,891,-1,944,891,945,-1,945,891,892,-1,945,892,946,-1,946,892,893,-1,946,893,947,-1,773,772,948,-1,948,772,894,-1,948,894,949,-1,949,894,895,-1,949,895,950,-1,950,895,896,-1,950,896,951,-1,951,896,897,-1,951,897,787,-1,952,898,953,-1,953,898,899,-1,953,899,954,-1,954,899,900,-1,954,900,955,-1,955,900,901,-1,955,901,956,-1,956,901,902,-1,956,902,957,-1,957,902,903,-1,957,903,958,-1,958,903,904,-1,958,904,959,-1,959,904,905,-1,959,905,960,-1,960,905,906,-1,960,906,961,-1,961,906,907,-1,961,907,962,-1,962,907,908,-1,962,908,963,-1,963,908,909,-1,963,909,964,-1,964,909,910,-1,964,910,965,-1,965,910,911,-1,965,911,966,-1,966,911,912,-1,966,912,967,-1,967,912,913,-1,967,913,968,-1,968,913,914,-1,968,914,969,-1,969,914,915,-1,969,915,970,-1,970,915,916,-1,970,916,971,-1,971,916,917,-1,971,917,972,-1,972,917,918,-1,972,918,973,-1,973,918,919,-1,973,919,974,-1,974,919,920,-1,974,920,975,-1,733,732,976,-1,976,732,921,-1,976,921,977,-1,977,921,922,-1,977,922,978,-1,978,922,923,-1,978,923,979,-1,979,923,924,-1,979,924,784,-1,980,925,981,-1,981,925,926,-1,981,926,982,-1,982,926,927,-1,982,927,983,-1,983,927,928,-1,983,928,984,-1,984,928,929,-1,984,929,985,-1,985,929,930,-1,985,930,986,-1,986,930,931,-1,986,931,987,-1,987,931,932,-1,987,932,988,-1,988,932,933,-1,988,933,989,-1,989,933,934,-1,989,934,990,-1,990,934,935,-1,990,935,991,-1,991,935,936,-1,991,936,992,-1,992,936,937,-1,992,937,993,-1,993,937,938,-1,993,938,994,-1,994,938,939,-1,994,939,995,-1,995,939,940,-1,995,940,996,-1,996,940,941,-1,996,941,997,-1,997,941,942,-1,997,942,998,-1,998,942,943,-1,998,943,999,-1,999,943,944,-1,999,944,1000,-1,1000,944,945,-1,1000,945,1001,-1,1001,945,946,-1,1001,946,1002,-1,1002,946,947,-1,1002,947,1003,-1,1004,952,1005,-1,1005,952,953,-1,1005,953,1006,-1,1006,953,954,-1,1006,954,1007,-1,1007,954,955,-1,1007,955,1008,-1,1008,955,956,-1,1008,956,1009,-1,1009,956,957,-1,1009,957,1010,-1,1010,957,958,-1,1010,958,1011,-1,1011,958,959,-1,1011,959,1012,-1,1012,959,960,-1,1012,960,1013,-1,1013,960,961,-1,1013,961,1014,-1,1014,961,962,-1,1014,962,1015,-1,1015,962,963,-1,1015,963,1016,-1,1016,963,964,-1,1016,964,1017,-1,1017,964,965,-1,1017,965,1018,-1,1018,965,966,-1,1018,966,1019,-1,1019,966,967,-1,1019,967,1020,-1,1020,967,968,-1,1020,968,1021,-1,1021,968,969,-1,1021,969,1022,-1,1022,969,970,-1,1022,970,1023,-1,1023,970,971,-1,1023,971,1024,-1,1024,971,972,-1,1024,972,1025,-1,1025,972,973,-1,1025,973,1026,-1,1026,973,974,-1,1026,974,1027,-1,1027,974,975,-1,1027,975,1028,-1,1029,980,1030,-1,1030,980,981,-1,1030,981,1031,-1,1031,981,982,-1,1031,982,1032,-1,1032,982,983,-1,1032,983,1033,-1,1033,983,984,-1,1033,984,1034,-1,1034,984,985,-1,1034,985,1035,-1,1035,985,986,-1,1035,986,1036,-1,1036,986,987,-1,1036,987,1037,-1,1037,987,988,-1,1037,988,1038,-1,1038,988,989,-1,1038,989,1039,-1,1039,989,990,-1,1039,990,1040,-1,1040,990,991,-1,1040,991,1041,-1,1041,991,992,-1,1041,992,1042,-1,1042,992,993,-1,1042,993,1043,-1,1043,993,994,-1,1043,994,1044,-1,1044,994,995,-1,1044,995,1045,-1,1045,995,996,-1,1045,996,1046,-1,1046,996,997,-1,1046,997,1047,-1,1047,997,998,-1,1047,998,1048,-1,1048,998,999,-1,1048,999,1049,-1,1049,999,1000,-1,1049,1000,1050,-1,1050,1000,1001,-1,1050,1001,1051,-1,1051,1001,1002,-1,1051,1002,1052,-1,1052,1002,1003,-1,1052,1003,1053,-1,1054,627,1055,-1,1055,627,1053,-1,1055,1053,1056,-1,1056,1053,1003,-1,1056,1003,1057,-1,1057,1003,947,-1,1057,947,1058,-1,1058,947,893,-1,1058,893,801,-1,801,893,804,-1,801,804,775,-1,775,804,776,-1,774,773,801,-1,801,773,948,-1,801,948,1058,-1,1058,948,949,-1,1058,949,1057,-1,1057,949,950,-1,1057,950,1056,-1,1056,950,951,-1,1056,951,1055,-1,1055,951,787,-1,1055,787,1054,-1,1054,787,786,-1,767,799,793,-1,793,799,1059,-1,793,1059,791,-1,791,1059,1060,-1,791,1060,847,-1,847,1060,1061,-1,847,1061,897,-1,897,1061,1062,-1,897,1062,787,-1,787,1062,1063,-1,787,1063,785,-1,1064,1065,1066,-1,765,798,799,-1,799,798,1067,-1,799,1067,1059,-1,1059,1067,1068,-1,1059,1068,1060,-1,1060,1068,1069,-1,1060,1069,1061,-1,1061,1069,1064,-1,1061,1064,1062,-1,1062,1064,1066,-1,1062,1066,1063,-1,763,806,805,-1,805,806,848,-1,805,848,1070,-1,1070,848,898,-1,1070,898,1071,-1,1071,898,952,-1,1071,952,1072,-1,1072,952,1004,-1,1072,1004,1073,-1,1073,1004,1074,-1,1073,1074,1075,-1,764,805,798,-1,798,805,1070,-1,798,1070,1067,-1,1067,1070,1071,-1,1067,1071,1068,-1,1068,1071,1072,-1,1068,1072,1069,-1,1069,1072,1073,-1,1069,1073,1064,-1,1064,1073,1075,-1,1064,1075,1065,-1,611,610,1028,-1,1028,610,609,-1,1028,609,1027,-1,1027,609,599,-1,1027,599,1026,-1,1026,599,598,-1,1026,598,1025,-1,1025,598,596,-1,1025,596,1024,-1,1024,596,594,-1,1024,594,1023,-1,1023,594,661,-1,1023,661,1022,-1,1022,661,660,-1,1022,660,1021,-1,1021,660,697,-1,1021,697,1020,-1,1020,697,696,-1,1020,696,1019,-1,1019,696,695,-1,1019,695,1018,-1,1018,695,665,-1,1018,665,1017,-1,1017,665,663,-1,1017,663,1016,-1,1016,663,670,-1,1016,670,1015,-1,1015,670,669,-1,1015,669,1014,-1,1014,669,667,-1,1014,667,1013,-1,1013,667,673,-1,1013,673,1012,-1,1012,673,672,-1,1012,672,1011,-1,1011,672,679,-1,1011,679,1010,-1,1010,679,678,-1,1010,678,1009,-1,1009,678,677,-1,1009,677,1008,-1,1008,677,651,-1,1008,651,1007,-1,1007,651,650,-1,1007,650,1006,-1,1006,650,656,-1,1006,656,1005,-1,1005,656,676,-1,1005,676,1004,-1,1004,676,1076,-1,1004,1076,1074,-1,1077,611,1078,-1,1078,611,1028,-1,1078,1028,1079,-1,1079,1028,975,-1,1079,975,1080,-1,1080,975,920,-1,1080,920,1081,-1,1081,920,869,-1,1081,869,797,-1,797,869,826,-1,797,826,735,-1,735,826,736,-1,734,733,797,-1,797,733,976,-1,797,976,1081,-1,1081,976,977,-1,1081,977,1080,-1,1080,977,978,-1,1080,978,1079,-1,1079,978,979,-1,1079,979,1078,-1,1078,979,784,-1,1078,784,1077,-1,1077,784,783,-1,727,795,790,-1,790,795,1082,-1,790,1082,788,-1,788,1082,1083,-1,788,1083,871,-1,871,1083,1084,-1,871,1084,924,-1,924,1084,1085,-1,924,1085,784,-1,784,1085,1086,-1,784,1086,782,-1,1087,1088,1089,-1,725,794,795,-1,795,794,1090,-1,795,1090,1082,-1,1082,1090,1091,-1,1082,1091,1083,-1,1083,1091,1092,-1,1083,1092,1084,-1,1084,1092,1087,-1,1084,1087,1085,-1,1085,1087,1089,-1,1085,1089,1086,-1,723,828,827,-1,827,828,872,-1,827,872,1093,-1,1093,872,925,-1,1093,925,1094,-1,1094,925,980,-1,1094,980,1095,-1,1095,980,1029,-1,1095,1029,1096,-1,1096,1029,1097,-1,1096,1097,1098,-1,724,827,794,-1,794,827,1093,-1,794,1093,1090,-1,1090,1093,1094,-1,1090,1094,1091,-1,1091,1094,1095,-1,1091,1095,1092,-1,1092,1095,1096,-1,1092,1096,1087,-1,1087,1096,1098,-1,1087,1098,1088,-1,627,626,1053,-1,1053,626,694,-1,1053,694,1052,-1,1052,694,693,-1,1052,693,1051,-1,1051,693,692,-1,1051,692,1050,-1,1050,692,649,-1,1050,649,1049,-1,1049,649,648,-1,1049,648,1048,-1,1048,648,691,-1,1048,691,1047,-1,1047,691,690,-1,1047,690,1046,-1,1046,690,658,-1,1046,658,1045,-1,1045,658,657,-1,1045,657,1044,-1,1044,657,701,-1,1044,701,1043,-1,1043,701,700,-1,1043,700,1042,-1,1042,700,689,-1,1042,689,1041,-1,1041,689,688,-1,1041,688,1040,-1,1040,688,687,-1,1040,687,1039,-1,1039,687,686,-1,1039,686,1038,-1,1038,686,685,-1,1038,685,1037,-1,1037,685,684,-1,1037,684,1036,-1,1036,684,683,-1,1036,683,1035,-1,1035,683,682,-1,1035,682,1034,-1,1034,682,681,-1,1034,681,1033,-1,1033,681,680,-1,1033,680,1032,-1,1032,680,653,-1,1032,653,1031,-1,1031,653,654,-1,1031,654,1030,-1,1030,654,655,-1,1030,655,1029,-1,1029,655,1099,-1,1029,1099,1097,-1,1063,1100,1101,-1,627,1054,1102,-1,1102,1054,786,-1,1102,786,1101,-1,1101,786,785,-1,1101,785,1063,-1,1063,1066,1100,-1,1100,1066,1065,-1,1100,1065,1103,-1,1065,1075,1103,-1,1103,1075,1074,-1,1103,1074,1104,-1,1104,1074,1076,-1,1104,1076,676,-1,1102,1105,627,-1,627,1105,604,-1,1106,675,1107,-1,1107,675,620,-1,1107,620,1108,-1,1108,620,630,-1,1108,630,1109,-1,1109,630,629,-1,1109,629,1110,-1,1110,629,628,-1,1110,628,1111,-1,1111,628,618,-1,1111,618,1112,-1,1112,618,617,-1,1112,617,1113,-1,1113,617,616,-1,1113,616,1114,-1,1114,616,608,-1,1114,608,1115,-1,1115,608,607,-1,1115,607,1116,-1,1116,607,606,-1,1116,606,1117,-1,1117,606,605,-1,1117,605,1105,-1,1105,605,604,-1,1106,1104,675,-1,675,1104,676,-1,1118,1119,1100,-1,1105,1102,1120,-1,1104,1106,1121,-1,1100,1119,1101,-1,1101,1119,1122,-1,1101,1122,1102,-1,1102,1122,1123,-1,1102,1123,1120,-1,1120,1124,1105,-1,1105,1124,1125,-1,1105,1125,1117,-1,1117,1125,1126,-1,1117,1126,1116,-1,1116,1126,1127,-1,1116,1127,1115,-1,1115,1127,1128,-1,1115,1128,1114,-1,1114,1128,1129,-1,1114,1129,1113,-1,1113,1129,1130,-1,1113,1130,1112,-1,1112,1130,1131,-1,1112,1131,1111,-1,1111,1131,1132,-1,1111,1132,1110,-1,1110,1132,1133,-1,1110,1133,1109,-1,1109,1133,1134,-1,1109,1134,1108,-1,1108,1134,1135,-1,1108,1135,1107,-1,1107,1135,1136,-1,1107,1136,1106,-1,1106,1136,1137,-1,1106,1137,1121,-1,1121,1138,1104,-1,1104,1138,1139,-1,1104,1139,1103,-1,1103,1139,1140,-1,1103,1140,1100,-1,1100,1140,1141,-1,1100,1141,1118,-1,1142,1128,1143,-1,1143,1128,1127,-1,1143,1127,1144,-1,1144,1127,1126,-1,1144,1126,1145,-1,1145,1126,1125,-1,1145,1125,1146,-1,1146,1125,1124,-1,1146,1124,1147,-1,1147,1124,1120,-1,1147,1120,1148,-1,1148,1120,1123,-1,1148,1123,1149,-1,1149,1123,1122,-1,1149,1122,1150,-1,1150,1122,1119,-1,1150,1119,1151,-1,1151,1119,1118,-1,1151,1118,1152,-1,1152,1118,1141,-1,1152,1141,1153,-1,1153,1141,1140,-1,1153,1140,1154,-1,1154,1140,1139,-1,1154,1139,1155,-1,1155,1139,1138,-1,1155,1138,1156,-1,1156,1138,1121,-1,1156,1121,1157,-1,1157,1121,1137,-1,1157,1137,1158,-1,1158,1137,1136,-1,1158,1136,1159,-1,1159,1136,1135,-1,1159,1135,1160,-1,1160,1135,1134,-1,1160,1134,1161,-1,1161,1134,1133,-1,1161,1133,1162,-1,1162,1133,1132,-1,1162,1132,1163,-1,1163,1132,1131,-1,1163,1131,1164,-1,1164,1131,1130,-1,1164,1130,1165,-1,1165,1130,1129,-1,1165,1129,1142,-1,1142,1129,1128,-1,1164,1165,1166,-1,1166,1165,1142,-1,1166,1142,1143,-1,1161,1162,1166,-1,1166,1162,1163,-1,1166,1163,1164,-1,1158,1159,1166,-1,1166,1159,1160,-1,1166,1160,1161,-1,1155,1156,1166,-1,1166,1156,1157,-1,1166,1157,1158,-1,1152,1153,1166,-1,1166,1153,1154,-1,1166,1154,1155,-1,1149,1150,1166,-1,1166,1150,1151,-1,1166,1151,1152,-1,1146,1147,1166,-1,1166,1147,1148,-1,1166,1148,1149,-1,1143,1144,1166,-1,1166,1144,1145,-1,1166,1145,1146,-1,1086,1167,1168,-1,611,1077,1169,-1,1169,1077,783,-1,1169,783,1168,-1,1168,783,782,-1,1168,782,1086,-1,1086,1089,1167,-1,1167,1089,1088,-1,1167,1088,1170,-1,1088,1098,1170,-1,1170,1098,1097,-1,1170,1097,1171,-1,1171,1097,1099,-1,1171,1099,655,-1,1169,1172,611,-1,611,1172,597,-1,1173,638,1174,-1,1174,638,637,-1,1174,637,1175,-1,1175,637,636,-1,1175,636,1176,-1,1176,636,634,-1,1176,634,1177,-1,1177,634,635,-1,1177,635,1178,-1,1178,635,586,-1,1178,586,1179,-1,1179,586,585,-1,1179,585,1180,-1,1180,585,613,-1,1180,613,1181,-1,1181,613,612,-1,1181,612,1182,-1,1182,612,591,-1,1182,591,1183,-1,1183,591,593,-1,1183,593,1184,-1,1184,593,595,-1,1184,595,1172,-1,1172,595,597,-1,1173,1171,638,-1,638,1171,655,-1,1172,1169,1185,-1,1171,1186,1170,-1,1170,1186,1187,-1,1170,1187,1167,-1,1167,1187,1188,-1,1188,1189,1167,-1,1167,1189,1190,-1,1167,1190,1168,-1,1168,1190,1191,-1,1168,1191,1169,-1,1169,1191,1192,-1,1169,1192,1185,-1,1173,1193,1171,-1,1171,1193,1194,-1,1171,1194,1186,-1,1185,1195,1172,-1,1172,1195,1196,-1,1172,1196,1184,-1,1184,1196,1197,-1,1184,1197,1183,-1,1183,1197,1198,-1,1183,1198,1182,-1,1182,1198,1199,-1,1182,1199,1181,-1,1181,1199,1200,-1,1181,1200,1180,-1,1180,1200,1201,-1,1180,1201,1179,-1,1179,1201,1202,-1,1179,1202,1178,-1,1178,1202,1203,-1,1178,1203,1177,-1,1177,1203,1204,-1,1177,1204,1176,-1,1176,1204,1205,-1,1176,1205,1175,-1,1175,1205,1206,-1,1175,1206,1174,-1,1174,1206,1207,-1,1174,1207,1173,-1,1173,1207,1208,-1,1173,1208,1193,-1,1209,1199,1210,-1,1210,1199,1198,-1,1210,1198,1211,-1,1211,1198,1197,-1,1211,1197,1212,-1,1212,1197,1196,-1,1212,1196,1213,-1,1213,1196,1195,-1,1213,1195,1214,-1,1214,1195,1185,-1,1214,1185,1215,-1,1215,1185,1192,-1,1215,1192,1216,-1,1216,1192,1191,-1,1216,1191,1217,-1,1217,1191,1190,-1,1217,1190,1218,-1,1218,1190,1189,-1,1218,1189,1219,-1,1219,1189,1188,-1,1219,1188,1220,-1,1220,1188,1187,-1,1220,1187,1221,-1,1221,1187,1186,-1,1221,1186,1222,-1,1222,1186,1194,-1,1222,1194,1223,-1,1223,1194,1193,-1,1223,1193,1224,-1,1224,1193,1208,-1,1224,1208,1225,-1,1225,1208,1207,-1,1225,1207,1226,-1,1226,1207,1206,-1,1226,1206,1227,-1,1227,1206,1205,-1,1227,1205,1228,-1,1228,1205,1204,-1,1228,1204,1229,-1,1229,1204,1203,-1,1229,1203,1230,-1,1230,1203,1202,-1,1230,1202,1231,-1,1231,1202,1201,-1,1231,1201,1232,-1,1232,1201,1200,-1,1232,1200,1209,-1,1209,1200,1199,-1,1231,1232,1233,-1,1233,1232,1209,-1,1233,1209,1210,-1,1228,1229,1233,-1,1233,1229,1230,-1,1233,1230,1231,-1,1225,1226,1233,-1,1233,1226,1227,-1,1233,1227,1228,-1,1222,1223,1233,-1,1233,1223,1224,-1,1233,1224,1225,-1,1219,1220,1233,-1,1233,1220,1221,-1,1233,1221,1222,-1,1216,1217,1233,-1,1233,1217,1218,-1,1233,1218,1219,-1,1213,1214,1233,-1,1233,1214,1215,-1,1233,1215,1216,-1,1210,1211,1233,-1,1233,1211,1212,-1,1233,1212,1213,-1,
        ]
    }
}
Shape{
    appearance Appearance {
        material  Material {
            diffuseColor 0.0 0.0 0.0
            specularColor 0.0 0.0 0.0
            ambientIntensity 0.0
            transparency 0.0
            shininess 0.5
        }
    }
    geometry IndexedFaceSet {
        ccw TRUE
        solid FALSE
        coord DEF co Coordinate {
            point [
                0.1004 0.3492 0.7283, 0.1004 -0.0445 0.7283, 0.1004 0.3492 0.7087, 0.1004 -0.0445 0.7087, -0.2933 0.3492 0.7283, -0.2933 0.3492 0.7087, -0.2933 -0.0445 0.7283, -0.2933 -0.0445 0.7087
            ]
        }
        coordIndex [
            0,1,2,-1,2,1,3,-1,4,0,5,-1,5,0,2,-1,6,4,7,-1,7,4,5,-1,1,6,3,-1,3,6,7,-1,4,6,0,-1,0,6,1,-1,
        ]
    }
}
Shape{
    appearance Appearance {
        material  Material {
            diffuseColor 0.25098039215686274 0.25098039215686274 0.25098039215686274
            specularColor 0.12549019607843137 0.12549019607843137 0.12549019607843137
            ambientIntensity 0.251
            transparency 0.0
            shininess 0.5
        }
    }
    geometry IndexedFaceSet {
        ccw TRUE
        solid FALSE
        coord DEF co Coordinate {
            point [
                -0.4528 -1.061 0.8858, -0.4528 -1.1791 0.8858, -0.4528 -1.061 0.9055, -0.4528 -1.1791 0.9055, -1.0433 -1.1791 0.8858, -1.0433 -1.061 0.8858, -1.0433 -1.1791 0.9055, -1.0433 -1.061 0.9055, -0.4602 -0.9953 0.8858, -0.4602 -0.9953 0.9055, -0.482 -0.9329 0.8858, -0.482 -0.9329 0.9055, -0.5172 -0.8769 0.8858, -0.5172 -0.8769 0.9055, -0.5639 -0.8302 0.8858, -0.5639 -0.8302 0.9055, -0.6199 -0.795 0.8858, -0.6199 -0.795 0.9055, -0.6823 -0.7732 0.8858, -0.6823 -0.7732 0.9055, -0.748 -0.7657 0.8858, -0.748 -0.7657 0.9055, -0.8137 -0.7732 0.8858, -0.8137 -0.7732 0.9055, -0.8761 -0.795 0.8858, -0.8761 -0.795 0.9055, -0.9321 -0.8302 0.8858, -0.9321 -0.8302 0.9055, -0.9789 -0.8769 0.8858, -0.9789 -0.8769 0.9055, -1.0141 -0.9329 0.8858, -1.0141 -0.9329 0.9055, -1.0359 -0.9953 0.8858, -1.0359 -0.9953 0.9055
            ]
        }
        coordIndex [
            0,1,2,-1,2,1,3,-1,4,5,6,-1,6,5,7,-1,0,2,8,-1,8,2,9,-1,8,9,10,-1,10,9,11,-1,10,11,12,-1,12,11,13,-1,12,13,14,-1,14,13,15,-1,14,15,16,-1,16,15,17,-1,16,17,18,-1,18,17,19,-1,18,19,20,-1,20,19,21,-1,20,21,22,-1,22,21,23,-1,22,23,24,-1,24,23,25,-1,24,25,26,-1,26,25,27,-1,26,27,28,-1,28,27,29,-1,28,29,30,-1,30,29,31,-1,30,31,32,-1,32,31,33,-1,32,33,5,-1,5,33,7,-1,8,10,12,-1,16,18,0,-1,8,12,0,-1,0,12,14,-1,0,14,16,-1,18,20,0,-1,0,20,22,-1,0,22,24,-1,24,26,0,-1,0,26,28,-1,0,28,30,-1,4,1,5,-1,5,1,0,-1,5,0,32,-1,32,0,30,-1,
        ]
    }
}
Shape{
    appearance Appearance {
        material  Material {
            diffuseColor 1.0 1.0 1.0
            specularColor 0.5019607843137255 0.5019607843137255 0.5019607843137255
            ambientIntensity 1.0
            transparency 0.0
            shininess 0.5
        }
    }
    geometry IndexedFaceSet {
        ccw TRUE
        solid FALSE
        coord DEF co Coordinate {
            point [
                -0.9585 0.9792 0.9016, -0.9585 0.9792 0.9055, -0.9606 0.9946 0.9016, -0.9606 0.9946 0.9055, -0.9665 1.0089 0.9016, -0.9665 1.0089 0.9055, -0.9759 1.0212 0.9016, -0.9759 1.0212 0.9055, -0.9883 1.0307 0.9016, -0.9883 1.0307 0.9055, -1.0026 1.0366 0.9016, -1.0026 1.0366 0.9055, -1.018 1.0387 0.9016, -1.018 1.0387 0.9055, -1.0334 1.0366 0.9016, -1.0334 1.0366 0.9055, -1.0477 1.0307 0.9016, -1.0477 1.0307 0.9055, -1.0601 1.0212 0.9016, -1.0601 1.0212 0.9055, -1.0695 1.0089 0.9016, -1.0695 1.0089 0.9055, -1.0755 0.9946 0.9016, -1.0755 0.9946 0.9055, -1.0775 0.9792 0.9016, -1.0775 0.9792 0.9055, -1.0755 0.9638 0.9016, -1.0755 0.9638 0.9055, -1.0695 0.9494 0.9016, -1.0695 0.9494 0.9055, -1.0601 0.9371 0.9016, -1.0601 0.9371 0.9055, -1.0477 0.9277 0.9016, -1.0477 0.9277 0.9055, -1.0334 0.9217 0.9016, -1.0334 0.9217 0.9055, -1.018 0.9197 0.9016, -1.018 0.9197 0.9055, -1.0026 0.9217 0.9016, -1.0026 0.9217 0.9055, -0.9883 0.9277 0.9016, -0.9883 0.9277 0.9055, -0.9759 0.9371 0.9016, -0.9759 0.9371 0.9055, -0.9665 0.9494 0.9016, -0.9665 0.9494 0.9055, -0.9606 0.9638 0.9016, -0.9606 0.9638 0.9055, -1.018 0.9792 0.9016, -0.8173 -1.1831 0.3605, -0.8173 -1.1831 0.3544, -0.8173 -1.1791 0.3605, -0.8173 -1.1791 0.3544, -0.8386 -1.1831 0.3605, -0.8386 -1.1791 0.3605, -0.8386 -1.1831 0.4078, -0.8386 -1.1791 0.4078, -0.8455 -1.1831 0.4078, -0.8455 -1.1791 0.4078, -0.8455 -1.1831 0.3544, -0.8455 -1.1791 0.3544, -0.79 -1.1831 0.3535, -0.79 -1.1791 0.3535, -0.7818 -1.1831 0.3543, -0.7853 -1.1791 0.3539, -0.7818 -1.1791 0.3543, -0.7761 -1.1791 0.3561, -0.7761 -1.1831 0.3561, -0.7752 -1.1791 0.3566, -0.7752 -1.1831 0.3566, -0.7752 -1.1831 0.3632, -0.7752 -1.1791 0.3632, -0.7805 -1.1791 0.3608, -0.7805 -1.1831 0.3608, -0.7865 -1.1791 0.3597, -0.7865 -1.1831 0.3597, -0.789 -1.1791 0.3596, -0.789 -1.1831 0.3596, -0.7938 -1.1791 0.3601, -0.7938 -1.1831 0.3601, -0.7977 -1.1791 0.3615, -0.7977 -1.1831 0.3615, -0.8013 -1.1791 0.3639, -0.8013 -1.1831 0.3639, -0.8027 -1.1791 0.3652, -0.8027 -1.1831 0.3652, -0.8052 -1.1791 0.3687, -0.8052 -1.1831 0.3687, -0.8069 -1.1791 0.3729, -0.8069 -1.1831 0.3729, -0.8078 -1.1791 0.3782, -0.8078 -1.1831 0.3782, -0.8079 -1.1791 0.3805, -0.8079 -1.1831 0.3805, -0.8071 -1.1791 0.3878, -0.8071 -1.1831 0.3878, -0.8053 -1.1791 0.3924, -0.8053 -1.1831 0.3924, -0.8027 -1.1791 0.3961, -0.8027 -1.1831 0.3961, -0.8023 -1.1791 0.3965, -0.8023 -1.1831 0.3965, -0.7989 -1.1791 0.3994, -0.7989 -1.1831 0.3994, -0.7948 -1.1791 0.4014, -0.7948 -1.1831 0.4014, -0.7902 -1.1791 0.4023, -0.7902 -1.1831 0.4023, -0.7878 -1.1791 0.4024, -0.7878 -1.1831 0.4024, -0.7812 -1.1791 0.4017, -0.7812 -1.1831 0.4017, -0.7758 -1.1791 0.3996, -0.7758 -1.1831 0.3996, -0.7752 -1.1791 0.3993, -0.7752 -1.1831 0.3993, -0.7752 -1.1831 0.4065, -0.7752 -1.1791 0.4065, -0.7878 -1.1791 0.4087, -0.7878 -1.1831 0.4087, -0.7821 -1.1791 0.4082, -0.7809 -1.1831 0.4081, -0.7809 -1.1791 0.4081, -0.7916 -1.1791 0.4082, -0.7955 -1.1831 0.4077, -0.7955 -1.1791 0.4077, -0.8011 -1.1791 0.4056, -0.8011 -1.1831 0.4056, -0.8061 -1.1791 0.4021, -0.8061 -1.1831 0.4021, -0.8074 -1.1791 0.4008, -0.8074 -1.1831 0.4008, -0.8113 -1.1791 0.3958, -0.8128 -1.1791 0.3924, -0.8139 -1.1831 0.3898, -0.8113 -1.1831 0.3958, -0.8139 -1.1791 0.3898, -0.8151 -1.1791 0.3829, -0.8151 -1.1831 0.3829, -0.8152 -1.1791 0.3801, -0.8152 -1.1831 0.3801, -0.8141 -1.1791 0.3714, -0.8128 -1.1791 0.368, -0.8119 -1.1831 0.3658, -0.8141 -1.1831 0.3714, -0.8119 -1.1791 0.3658, -0.8088 -1.1791 0.3613, -0.8088 -1.1831 0.3613, -0.8083 -1.1791 0.3608, -0.8083 -1.1831 0.3608, -0.7941 -1.1831 0.3537, -0.8047 -1.1791 0.3576, -0.8047 -1.1831 0.3576, -0.7997 -1.1791 0.3551, -0.7997 -1.1831 0.3551, -0.7949 -1.1791 0.3539, -0.7941 -1.1791 0.3537, -0.7358 -1.1831 0.3605, -0.7358 -1.1831 0.3544, -0.7358 -1.1791 0.3605, -0.7358 -1.1791 0.3544, -0.7576 -1.1791 0.3605, -0.7576 -1.1831 0.3605, -0.7432 -1.1791 0.3605, -0.7576 -1.1831 0.3784, -0.7576 -1.1791 0.3784, -0.7385 -1.1831 0.3784, -0.7432 -1.1791 0.3784, -0.7385 -1.1791 0.3784, -0.7385 -1.1831 0.3845, -0.7385 -1.1791 0.3845, -0.7576 -1.1791 0.3845, -0.7576 -1.1831 0.3845, -0.7432 -1.1791 0.3845, -0.7576 -1.1831 0.4016, -0.7576 -1.1791 0.4016, -0.737 -1.1831 0.4016, -0.7432 -1.1791 0.4016, -0.737 -1.1791 0.4016, -0.737 -1.1831 0.4078, -0.737 -1.1791 0.4078, -0.7645 -1.1791 0.4078, -0.7645 -1.1831 0.4078, -0.7432 -1.1791 0.4078, -0.7645 -1.1831 0.3544, -0.7645 -1.1791 0.3544, -0.7432 -1.1791 0.3544, -0.6926 -1.1831 0.3692, -0.6952 -1.1831 0.366, -0.6903 -1.1831 0.3619, -0.6958 -1.1831 0.3654, -0.6959 -1.1831 0.3579, -0.6993 -1.1831 0.3631, -0.702 -1.1831 0.3555, -0.7037 -1.1831 0.3613, -0.711 -1.1831 0.3544, -0.7111 -1.1831 0.3605, -0.7257 -1.1831 0.3544, -0.7188 -1.1831 0.3605, -0.7257 -1.1831 0.4078, -0.7188 -1.1831 0.4016, -0.7105 -1.1831 0.4078, -0.7108 -1.1831 0.4016, -0.7023 -1.1831 0.4069, -0.7035 -1.1831 0.4008, -0.6959 -1.1831 0.4045, -0.699 -1.1831 0.399, -0.6903 -1.1831 0.4007, -0.6954 -1.1831 0.3966, -0.6884 -1.1831 0.3988, -0.6938 -1.1831 0.3951, -0.6851 -1.1831 0.3942, -0.6918 -1.1831 0.3921, -0.6831 -1.1831 0.3891, -0.6903 -1.1831 0.3882, -0.6823 -1.1831 0.3818, -0.6895 -1.1831 0.3816, -0.6824 -1.1831 0.3784, -0.6897 -1.1831 0.3781, -0.6837 -1.1831 0.3721, -0.6907 -1.1831 0.3732, -0.6863 -1.1831 0.3666, -0.711 -1.1791 0.3544, -0.7257 -1.1791 0.3544, -0.6903 -1.1791 0.3619, -0.702 -1.1791 0.3555, -0.7013 -1.1791 0.3558, -0.6959 -1.1791 0.3579, -0.6863 -1.1791 0.3666, -0.6837 -1.1791 0.3721, -0.6824 -1.1791 0.3784, -0.6823 -1.1791 0.3818, -0.6831 -1.1791 0.3891, -0.6851 -1.1791 0.3942, -0.6884 -1.1791 0.3988, -0.6903 -1.1791 0.4007, -0.7105 -1.1791 0.4078, -0.6959 -1.1791 0.4045, -0.7013 -1.1791 0.4065, -0.7023 -1.1791 0.4069, -0.7257 -1.1791 0.4078, -0.7108 -1.1791 0.4016, -0.7188 -1.1791 0.4016, -0.7188 -1.1791 0.3605, -0.7111 -1.1791 0.3605, -0.6952 -1.1791 0.366, -0.6958 -1.1791 0.3654, -0.6993 -1.1791 0.3631, -0.7037 -1.1791 0.3613, -0.6895 -1.1791 0.3816, -0.6897 -1.1791 0.3781, -0.6907 -1.1791 0.3732, -0.6926 -1.1791 0.3692, -0.6954 -1.1791 0.3966, -0.6938 -1.1791 0.3951, -0.6918 -1.1791 0.3921, -0.6903 -1.1791 0.3882, -0.7035 -1.1791 0.4008, -0.699 -1.1791 0.399
            ]
        }
        coordIndex [
            0,1,2,-1,2,1,3,-1,2,3,4,-1,4,3,5,-1,4,5,6,-1,6,5,7,-1,6,7,8,-1,8,7,9,-1,8,9,10,-1,10,9,11,-1,10,11,12,-1,12,11,13,-1,12,13,14,-1,14,13,15,-1,14,15,16,-1,16,15,17,-1,16,17,18,-1,18,17,19,-1,18,19,20,-1,20,19,21,-1,20,21,22,-1,22,21,23,-1,22,23,24,-1,24,23,25,-1,24,25,26,-1,26,25,27,-1,26,27,28,-1,28,27,29,-1,28,29,30,-1,30,29,31,-1,30,31,32,-1,32,31,33,-1,32,33,34,-1,34,33,35,-1,34,35,36,-1,36,35,37,-1,36,37,38,-1,38,37,39,-1,38,39,40,-1,40,39,41,-1,40,41,42,-1,42,41,43,-1,42,43,44,-1,44,43,45,-1,44,45,46,-1,46,45,47,-1,46,47,0,-1,0,47,1,-1,44,46,48,-1,48,46,0,-1,48,0,2,-1,38,40,48,-1,48,40,42,-1,48,42,44,-1,32,34,48,-1,48,34,36,-1,48,36,38,-1,26,28,48,-1,48,28,30,-1,48,30,32,-1,20,22,48,-1,48,22,24,-1,48,24,26,-1,14,16,48,-1,48,16,18,-1,48,18,20,-1,8,10,48,-1,48,10,12,-1,48,12,14,-1,2,4,48,-1,48,4,6,-1,48,6,8,-1,49,50,51,-1,51,50,52,-1,53,49,54,-1,54,49,51,-1,55,53,56,-1,56,53,54,-1,57,55,58,-1,58,55,56,-1,59,57,60,-1,60,57,58,-1,50,59,52,-1,52,59,60,-1,55,57,53,-1,53,57,59,-1,53,59,49,-1,49,59,50,-1,61,62,63,-1,63,62,64,-1,64,65,63,-1,63,65,66,-1,63,66,67,-1,67,66,68,-1,67,68,69,-1,70,69,71,-1,71,69,68,-1,70,71,72,-1,70,72,73,-1,73,72,74,-1,73,74,75,-1,75,74,76,-1,75,76,77,-1,77,76,78,-1,77,78,79,-1,79,78,80,-1,79,80,81,-1,81,80,82,-1,81,82,83,-1,83,82,84,-1,83,84,85,-1,85,84,86,-1,85,86,87,-1,87,86,88,-1,87,88,89,-1,89,88,90,-1,89,90,91,-1,91,90,92,-1,91,92,93,-1,93,92,94,-1,93,94,95,-1,95,94,96,-1,95,96,97,-1,97,96,98,-1,97,98,99,-1,99,98,100,-1,99,100,101,-1,101,100,102,-1,101,102,103,-1,103,102,104,-1,103,104,105,-1,105,104,106,-1,105,106,107,-1,107,106,108,-1,107,108,109,-1,109,108,110,-1,109,110,111,-1,111,110,112,-1,111,112,113,-1,113,112,114,-1,113,114,115,-1,116,115,117,-1,117,115,114,-1,118,119,120,-1,120,119,121,-1,120,121,122,-1,122,121,116,-1,122,116,117,-1,119,118,123,-1,119,123,124,-1,123,125,124,-1,124,125,126,-1,124,126,127,-1,127,126,128,-1,127,128,129,-1,129,128,130,-1,129,130,131,-1,131,130,132,-1,133,134,132,-1,132,134,135,-1,132,135,131,-1,133,136,134,-1,134,136,137,-1,134,137,138,-1,138,137,139,-1,138,139,140,-1,140,139,141,-1,142,143,141,-1,141,143,144,-1,141,144,140,-1,142,145,143,-1,143,145,146,-1,143,146,147,-1,147,146,148,-1,147,148,149,-1,62,61,150,-1,149,148,151,-1,149,151,152,-1,152,151,153,-1,152,153,154,-1,154,153,155,-1,154,155,150,-1,150,155,156,-1,150,156,62,-1,131,101,129,-1,129,101,103,-1,129,103,127,-1,140,93,138,-1,138,93,95,-1,138,95,134,-1,134,95,135,-1,135,95,97,-1,135,97,131,-1,131,97,99,-1,131,99,101,-1,127,103,124,-1,124,103,105,-1,124,105,119,-1,69,70,67,-1,67,70,73,-1,67,73,63,-1,63,73,75,-1,63,75,61,-1,61,75,77,-1,61,77,150,-1,150,77,79,-1,150,79,154,-1,154,79,81,-1,154,81,152,-1,152,81,83,-1,152,83,149,-1,149,83,85,-1,149,85,147,-1,147,85,87,-1,147,87,143,-1,143,87,144,-1,144,87,89,-1,144,89,140,-1,140,89,91,-1,140,91,93,-1,105,107,119,-1,119,107,109,-1,119,109,121,-1,121,109,111,-1,121,111,116,-1,116,111,113,-1,116,113,115,-1,157,158,159,-1,159,158,160,-1,161,162,163,-1,163,162,157,-1,163,157,159,-1,164,162,165,-1,165,162,161,-1,164,165,166,-1,166,165,167,-1,166,167,168,-1,169,166,170,-1,170,166,168,-1,171,172,173,-1,173,172,169,-1,173,169,170,-1,174,172,175,-1,175,172,171,-1,174,175,176,-1,176,175,177,-1,176,177,178,-1,179,176,180,-1,180,176,178,-1,181,182,183,-1,183,182,179,-1,183,179,180,-1,184,182,185,-1,185,182,181,-1,184,185,158,-1,158,185,186,-1,158,186,160,-1,184,158,157,-1,157,162,184,-1,184,162,164,-1,184,164,182,-1,176,179,174,-1,174,179,182,-1,174,182,172,-1,172,182,164,-1,172,164,169,-1,169,164,166,-1,187,188,189,-1,189,188,190,-1,189,190,191,-1,191,190,192,-1,191,192,193,-1,193,192,194,-1,193,194,195,-1,195,194,196,-1,195,196,197,-1,197,196,198,-1,197,198,199,-1,199,198,200,-1,199,200,201,-1,201,200,202,-1,201,202,203,-1,203,202,204,-1,203,204,205,-1,205,204,206,-1,205,206,207,-1,207,206,208,-1,207,208,209,-1,209,208,210,-1,209,210,211,-1,211,210,212,-1,211,212,213,-1,213,212,214,-1,213,214,215,-1,215,214,216,-1,215,216,217,-1,217,216,218,-1,217,218,219,-1,219,218,220,-1,219,220,221,-1,221,220,187,-1,221,187,189,-1,195,197,222,-1,222,197,223,-1,224,189,191,-1,195,222,225,-1,195,225,193,-1,193,225,226,-1,193,226,191,-1,191,226,227,-1,191,227,224,-1,189,224,228,-1,189,228,221,-1,221,228,229,-1,221,229,219,-1,219,229,230,-1,219,230,217,-1,217,230,231,-1,217,231,215,-1,215,231,232,-1,215,232,213,-1,213,232,233,-1,213,233,211,-1,211,233,234,-1,211,234,209,-1,209,234,235,-1,209,235,207,-1,236,201,203,-1,207,235,237,-1,207,237,205,-1,205,237,238,-1,205,238,203,-1,203,238,239,-1,203,239,236,-1,199,201,240,-1,240,201,236,-1,197,199,223,-1,223,199,240,-1,202,200,241,-1,241,200,242,-1,200,198,242,-1,242,198,243,-1,198,196,243,-1,243,196,244,-1,188,245,246,-1,188,246,190,-1,190,246,247,-1,190,247,192,-1,192,247,248,-1,192,248,194,-1,194,248,244,-1,194,244,196,-1,216,249,250,-1,216,250,218,-1,218,250,251,-1,218,251,220,-1,220,251,252,-1,220,252,187,-1,187,252,245,-1,187,245,188,-1,208,253,254,-1,208,254,210,-1,210,254,255,-1,210,255,212,-1,212,255,256,-1,212,256,214,-1,214,256,249,-1,214,249,216,-1,202,241,257,-1,202,257,204,-1,204,257,258,-1,204,258,206,-1,206,258,253,-1,206,253,208,-1,
        ]
    }
}
Shape{
    appearance Appearance {
        material  Material {
            diffuseColor 0.25098039215686274 0.25098039215686274 0.25098039215686274
            specularColor 0.12549019607843137 0.12549019607843137 0.12549019607843137
            ambientIntensity 0.251
            transparency 0.0
            shininess 0.5
        }
    }
    geometry IndexedFaceSet {
        ccw TRUE
        solid FALSE
        coord DEF co Coordinate {
            point [
                -0.7188 -1.1791 0.4016, -0.7188 -1.1791 0.3605, -0.7108 -1.1791 0.4016, -0.7111 -1.1791 0.3605, -0.7037 -1.1791 0.3613, -0.6993 -1.1791 0.3631, -0.6958 -1.1791 0.3654, -0.6952 -1.1791 0.366, -0.6926 -1.1791 0.3692, -0.6907 -1.1791 0.3732, -0.6895 -1.1791 0.3816, -0.6954 -1.1791 0.3966, -0.699 -1.1791 0.399, -0.6903 -1.1791 0.3882, -0.6918 -1.1791 0.3921, -0.6938 -1.1791 0.3951, -0.6897 -1.1791 0.3781, -0.7035 -1.1791 0.4008
            ]
        }
        coordIndex [
            0,1,2,-1,2,1,3,-1,3,4,2,-1,2,4,5,-1,2,5,6,-1,6,7,2,-1,2,7,8,-1,2,8,9,-1,10,11,12,-1,13,14,10,-1,10,14,15,-1,10,15,11,-1,9,16,2,-1,2,16,10,-1,2,10,17,-1,17,10,12,-1,
        ]
    }
}
Shape{
    appearance Appearance {
        material  Material {
            diffuseColor 1.0 1.0 1.0
            specularColor 0.5019607843137255 0.5019607843137255 0.5019607843137255
            ambientIntensity 1.0
            transparency 0.0
            shininess 0.5
        }
    }
    geometry IndexedFaceSet {
        ccw TRUE
        solid FALSE
        coord DEF co Coordinate {
            point [
                -0.6644 -1.1831 0.375, -0.6665 -1.1831 0.369, -0.6464 -1.1831 0.375, -0.6443 -1.1831 0.369, -0.6564 -1.1831 0.3972, -0.659 -1.1831 0.4078, -0.6793 -1.1831 0.3544, -0.6717 -1.1831 0.3544, -0.6559 -1.1831 0.3988, -0.6555 -1.1831 0.4009, -0.6516 -1.1831 0.4078, -0.6553 -1.1831 0.4009, -0.6549 -1.1831 0.3987, -0.6545 -1.1831 0.3972, -0.6313 -1.1831 0.3544, -0.6389 -1.1831 0.3544, -0.6516 -1.1791 0.4078, -0.6313 -1.1791 0.3544, -0.659 -1.1791 0.4078, -0.6793 -1.1791 0.3544, -0.6639 -1.1791 0.3948, -0.6717 -1.1791 0.3544, -0.6665 -1.1791 0.369, -0.6443 -1.1791 0.369, -0.6639 -1.1791 0.369, -0.6389 -1.1791 0.3544, -0.6644 -1.1791 0.375, -0.6464 -1.1791 0.375, -0.6545 -1.1791 0.3972, -0.6553 -1.1791 0.4009, -0.6549 -1.1791 0.3987, -0.6555 -1.1791 0.4009, -0.6564 -1.1791 0.3972, -0.6559 -1.1791 0.3988
            ]
        }
        coordIndex [
            0,1,2,-1,2,1,3,-1,4,5,0,-1,0,5,6,-1,0,6,1,-1,1,6,7,-1,4,8,5,-1,5,8,9,-1,5,9,10,-1,10,9,11,-1,10,11,12,-1,12,13,10,-1,10,13,2,-1,10,2,14,-1,14,2,3,-1,14,3,15,-1,10,14,16,-1,16,14,17,-1,5,10,18,-1,18,10,16,-1,19,6,20,-1,20,6,5,-1,20,5,18,-1,7,6,21,-1,21,6,19,-1,1,7,22,-1,22,7,21,-1,23,3,24,-1,24,3,1,-1,24,1,22,-1,15,3,25,-1,25,3,23,-1,14,15,17,-1,17,15,25,-1,0,2,26,-1,26,2,27,-1,2,13,27,-1,27,13,28,-1,11,29,30,-1,11,30,12,-1,12,30,28,-1,12,28,13,-1,11,9,29,-1,29,9,31,-1,4,32,33,-1,4,33,8,-1,8,33,31,-1,8,31,9,-1,4,0,32,-1,32,0,26,-1,
        ]
    }
}
Shape{
    appearance Appearance {
        material  Material {
            diffuseColor 0.25098039215686274 0.25098039215686274 0.25098039215686274
            specularColor 0.12549019607843137 0.12549019607843137 0.12549019607843137
            ambientIntensity 0.251
            transparency 0.0
            shininess 0.5
        }
    }
    geometry IndexedFaceSet {
        ccw TRUE
        solid FALSE
        coord DEF co Coordinate {
            point [
                -0.6553 -1.1791 0.4009, -0.6555 -1.1791 0.4009, -0.6549 -1.1791 0.3987, -0.6559 -1.1791 0.3988, -0.6545 -1.1791 0.3972, -0.6564 -1.1791 0.3972, -0.6464 -1.1791 0.375, -0.6644 -1.1791 0.375
            ]
        }
        coordIndex [
            0,1,2,-1,2,1,3,-1,2,3,4,-1,4,3,5,-1,4,5,6,-1,6,5,7,-1,
        ]
    }
}
Shape{
    appearance Appearance {
        material  Material {
            diffuseColor 1.0 1.0 1.0
            specularColor 0.5019607843137255 0.5019607843137255 0.5019607843137255
            ambientIntensity 1.0
            transparency 0.0
            shininess 0.5
        }
    }
    geometry IndexedFaceSet {
        ccw TRUE
        solid FALSE
        coord DEF co Coordinate {
            point [
                -0.8168 -1.1831 0.2758, -0.8168 -1.1831 0.2697, -0.8168 -1.1791 0.2758, -0.8168 -1.1791 0.2697, -0.8386 -1.1831 0.2758, -0.8386 -1.1791 0.2758, -0.8386 -1.1831 0.2937, -0.8386 -1.1791 0.2937, -0.8195 -1.1831 0.2937, -0.8195 -1.1791 0.2937, -0.8195 -1.1831 0.2999, -0.8195 -1.1791 0.2999, -0.8386 -1.1831 0.2999, -0.8386 -1.1791 0.2999, -0.8386 -1.1831 0.3169, -0.8386 -1.1791 0.3169, -0.818 -1.1831 0.3169, -0.818 -1.1791 0.3169, -0.818 -1.1831 0.3231, -0.818 -1.1791 0.3231, -0.8455 -1.1831 0.3231, -0.8455 -1.1791 0.3231, -0.8455 -1.1831 0.2697, -0.8455 -1.1791 0.2697, -0.7866 -1.1831 0.2756, -0.7864 -1.1831 0.2756, -0.7869 -1.1831 0.2818, -0.7864 -1.1831 0.2847, -0.7797 -1.1831 0.2942, -0.7864 -1.1831 0.2852, -0.7864 -1.1831 0.2888, -0.7864 -1.1831 0.2697, -0.7797 -1.1831 0.2697, -0.8035 -1.1831 0.2815, -0.8032 -1.1831 0.2831, -0.809 -1.1831 0.286, -0.7879 -1.1831 0.2794, -0.7893 -1.1831 0.2774, -0.7877 -1.1831 0.274, -0.7901 -1.1831 0.2766, -0.7898 -1.1831 0.2717, -0.792 -1.1831 0.2753, -0.7921 -1.1831 0.2702, -0.7941 -1.1831 0.2746, -0.7948 -1.1831 0.2692, -0.7966 -1.1831 0.2743, -0.7983 -1.1831 0.2688, -0.7988 -1.1831 0.2745, -0.8023 -1.1831 0.2693, -0.8003 -1.1831 0.2751, -0.8049 -1.1831 0.2702, -0.8017 -1.1831 0.276, -0.8071 -1.1831 0.2718, -0.8022 -1.1831 0.2766, -0.8076 -1.1831 0.2879, -0.8026 -1.1831 0.2843, -0.8056 -1.1831 0.2897, -0.8018 -1.1831 0.2853, -0.8027 -1.1831 0.2912, -0.801 -1.1831 0.2859, -0.7995 -1.1831 0.2867, -0.7977 -1.1831 0.2924, -0.7954 -1.1831 0.2876, -0.7864 -1.1831 0.2939, -0.8099 -1.1831 0.2837, -0.8104 -1.1831 0.2808, -0.8036 -1.1831 0.2805, -0.8104 -1.1831 0.2799, -0.8034 -1.1831 0.2789, -0.81 -1.1831 0.2769, -0.803 -1.1831 0.2777, -0.8092 -1.1831 0.2746, -0.8078 -1.1831 0.2726, -0.8067 -1.1831 0.3052, -0.8067 -1.1831 0.2987, -0.8053 -1.1831 0.306, -0.8026 -1.1831 0.3013, -0.8003 -1.1831 0.3079, -0.7984 -1.1831 0.3028, -0.7935 -1.1831 0.3087, -0.7942 -1.1831 0.3033, -0.7895 -1.1831 0.3083, -0.7919 -1.1831 0.303, -0.7867 -1.1831 0.3075, -0.7903 -1.1831 0.3025, -0.7844 -1.1831 0.3062, -0.7892 -1.1831 0.3017, -0.7827 -1.1831 0.3045, -0.7881 -1.1831 0.3007, -0.7813 -1.1831 0.3023, -0.7874 -1.1831 0.2993, -0.7803 -1.1831 0.2993, -0.7867 -1.1831 0.2969, -0.7935 -1.1791 0.3087, -0.8003 -1.1791 0.3079, -0.8053 -1.1791 0.306, -0.8067 -1.1791 0.3052, -0.8067 -1.1791 0.2987, -0.8026 -1.1791 0.3013, -0.7984 -1.1791 0.3028, -0.7942 -1.1791 0.3033, -0.7919 -1.1791 0.303, -0.7903 -1.1791 0.3025, -0.7892 -1.1791 0.3017, -0.7881 -1.1791 0.3007, -0.7874 -1.1791 0.2993, -0.7867 -1.1791 0.2969, -0.7864 -1.1791 0.2939, -0.7977 -1.1791 0.2924, -0.8027 -1.1791 0.2912, -0.8056 -1.1791 0.2897, -0.8076 -1.1791 0.2879, -0.809 -1.1791 0.286, -0.8099 -1.1791 0.2837, -0.8104 -1.1791 0.2808, -0.8104 -1.1791 0.2799, -0.81 -1.1791 0.2769, -0.8092 -1.1791 0.2746, -0.8078 -1.1791 0.2726, -0.8071 -1.1791 0.2718, -0.7983 -1.1791 0.2688, -0.8022 -1.1791 0.2693, -0.8023 -1.1791 0.2693, -0.8049 -1.1791 0.2702, -0.7948 -1.1791 0.2692, -0.7946 -1.1791 0.2693, -0.7921 -1.1791 0.2702, -0.7898 -1.1791 0.2717, -0.7877 -1.1791 0.274, -0.7866 -1.1791 0.2756, -0.7864 -1.1791 0.2756, -0.7864 -1.1791 0.2697, -0.7797 -1.1791 0.2697, -0.7797 -1.1791 0.2942, -0.7803 -1.1791 0.2993, -0.7813 -1.1791 0.3023, -0.7827 -1.1791 0.3045, -0.7844 -1.1791 0.3062, -0.7867 -1.1791 0.3075, -0.7895 -1.1791 0.3083, -0.8018 -1.1791 0.2853, -0.801 -1.1791 0.2859, -0.7995 -1.1791 0.2867, -0.7954 -1.1791 0.2876, -0.8036 -1.1791 0.2805, -0.8035 -1.1791 0.2815, -0.8032 -1.1791 0.2831, -0.8026 -1.1791 0.2843, -0.8017 -1.1791 0.276, -0.8022 -1.1791 0.2766, -0.803 -1.1791 0.2777, -0.8034 -1.1791 0.2789, -0.7966 -1.1791 0.2743, -0.7988 -1.1791 0.2745, -0.8003 -1.1791 0.2751, -0.7893 -1.1791 0.2774, -0.7901 -1.1791 0.2766, -0.792 -1.1791 0.2753, -0.7941 -1.1791 0.2746, -0.7864 -1.1791 0.2852, -0.7864 -1.1791 0.2847, -0.7869 -1.1791 0.2818, -0.7879 -1.1791 0.2794, -0.7864 -1.1791 0.2888
            ]
        }
        coordIndex [
            0,1,2,-1,2,1,3,-1,4,0,5,-1,5,0,2,-1,6,4,7,-1,7,4,5,-1,8,6,9,-1,9,6,7,-1,10,8,11,-1,11,8,9,-1,12,10,13,-1,13,10,11,-1,14,12,15,-1,15,12,13,-1,16,14,17,-1,17,14,15,-1,18,16,19,-1,19,16,17,-1,20,18,21,-1,21,18,19,-1,22,20,23,-1,23,20,21,-1,1,22,3,-1,3,22,23,-1,22,1,0,-1,0,4,22,-1,22,4,6,-1,22,6,20,-1,16,18,14,-1,14,18,20,-1,14,20,12,-1,12,20,6,-1,12,6,10,-1,10,6,8,-1,24,25,26,-1,27,28,29,-1,29,28,30,-1,31,32,25,-1,25,32,28,-1,25,28,26,-1,26,28,27,-1,33,34,35,-1,26,36,24,-1,24,36,37,-1,24,37,38,-1,38,37,39,-1,38,39,40,-1,40,39,41,-1,40,41,42,-1,42,41,43,-1,42,43,44,-1,44,43,45,-1,44,45,46,-1,46,45,47,-1,46,47,48,-1,48,47,49,-1,48,49,50,-1,50,49,51,-1,50,51,52,-1,52,51,53,-1,35,34,54,-1,54,34,55,-1,54,55,56,-1,56,55,57,-1,56,57,58,-1,57,59,58,-1,58,59,60,-1,58,60,61,-1,61,60,62,-1,61,62,63,-1,35,64,33,-1,33,64,65,-1,33,65,66,-1,66,65,67,-1,66,67,68,-1,68,67,69,-1,68,69,70,-1,70,69,71,-1,70,71,53,-1,53,71,72,-1,53,72,52,-1,73,74,75,-1,75,74,76,-1,75,76,77,-1,77,76,78,-1,77,78,79,-1,79,78,80,-1,79,80,81,-1,81,80,82,-1,81,82,83,-1,83,82,84,-1,83,84,85,-1,85,84,86,-1,85,86,87,-1,87,86,88,-1,87,88,89,-1,89,88,90,-1,89,90,91,-1,91,90,92,-1,91,92,28,-1,28,92,63,-1,28,63,30,-1,30,63,62,-1,79,93,94,-1,79,94,77,-1,77,94,95,-1,77,95,75,-1,75,95,96,-1,75,96,73,-1,74,73,97,-1,97,73,96,-1,74,97,98,-1,74,98,76,-1,76,98,99,-1,76,99,78,-1,78,99,100,-1,78,100,80,-1,80,100,101,-1,80,101,82,-1,82,101,102,-1,82,102,84,-1,84,102,103,-1,84,103,86,-1,86,103,104,-1,86,104,88,-1,88,104,105,-1,88,105,90,-1,90,105,106,-1,90,106,92,-1,92,106,107,-1,92,107,63,-1,61,63,108,-1,108,63,107,-1,61,108,109,-1,61,109,58,-1,58,109,110,-1,58,110,56,-1,56,110,111,-1,56,111,54,-1,54,111,112,-1,54,112,35,-1,35,112,113,-1,35,113,64,-1,64,113,114,-1,64,114,65,-1,65,114,115,-1,65,115,67,-1,67,115,116,-1,67,116,69,-1,69,116,117,-1,69,117,71,-1,71,117,118,-1,71,118,72,-1,72,118,119,-1,72,119,52,-1,120,46,121,-1,121,46,48,-1,121,48,122,-1,122,48,50,-1,122,50,123,-1,123,50,52,-1,123,52,119,-1,46,120,124,-1,46,124,44,-1,44,124,125,-1,44,125,42,-1,125,126,42,-1,42,126,127,-1,42,127,40,-1,40,127,128,-1,40,128,38,-1,38,128,129,-1,38,129,24,-1,25,24,130,-1,130,24,129,-1,31,25,131,-1,131,25,130,-1,32,31,132,-1,132,31,131,-1,28,32,133,-1,133,32,132,-1,28,133,134,-1,28,134,91,-1,91,134,135,-1,91,135,89,-1,89,135,136,-1,89,136,87,-1,87,136,137,-1,87,137,85,-1,85,137,138,-1,85,138,83,-1,83,138,139,-1,83,139,81,-1,81,139,93,-1,81,93,79,-1,57,140,141,-1,57,141,59,-1,59,141,142,-1,59,142,60,-1,60,142,143,-1,60,143,62,-1,66,144,145,-1,66,145,33,-1,33,145,146,-1,33,146,34,-1,34,146,147,-1,34,147,55,-1,55,147,140,-1,55,140,57,-1,51,148,149,-1,51,149,53,-1,53,149,150,-1,53,150,70,-1,70,150,151,-1,70,151,68,-1,68,151,144,-1,68,144,66,-1,45,152,153,-1,45,153,47,-1,47,153,154,-1,47,154,49,-1,49,154,148,-1,49,148,51,-1,37,155,156,-1,37,156,39,-1,39,156,157,-1,39,157,41,-1,41,157,158,-1,41,158,43,-1,43,158,152,-1,43,152,45,-1,29,159,160,-1,29,160,27,-1,27,160,161,-1,27,161,26,-1,26,161,162,-1,26,162,36,-1,36,162,155,-1,36,155,37,-1,29,30,159,-1,159,30,163,-1,30,62,163,-1,163,62,143,-1,
        ]
    }
}
Shape{
    appearance Appearance {
        material  Material {
            diffuseColor 0.25098039215686274 0.25098039215686274 0.25098039215686274
            specularColor 0.12549019607843137 0.12549019607843137 0.12549019607843137
            ambientIntensity 0.251
            transparency 0.0
            shininess 0.5
        }
    }
    geometry IndexedFaceSet {
        ccw TRUE
        solid FALSE
        coord DEF co Coordinate {
            point [
                -0.7864 -1.1791 0.2847, -0.7864 -1.1791 0.2852, -0.8018 -1.1791 0.2853, -0.7864 -1.1791 0.2888, -0.7954 -1.1791 0.2876, -0.7995 -1.1791 0.2867, -0.801 -1.1791 0.2859, -0.7869 -1.1791 0.2818, -0.8026 -1.1791 0.2843, -0.7879 -1.1791 0.2794, -0.8022 -1.1791 0.2766, -0.8017 -1.1791 0.276, -0.7901 -1.1791 0.2766, -0.803 -1.1791 0.2777, -0.792 -1.1791 0.2753, -0.7941 -1.1791 0.2746, -0.7966 -1.1791 0.2743, -0.8032 -1.1791 0.2831, -0.8035 -1.1791 0.2815, -0.7893 -1.1791 0.2774, -0.8036 -1.1791 0.2805, -0.8034 -1.1791 0.2789, -0.8003 -1.1791 0.2751, -0.7988 -1.1791 0.2745
            ]
        }
        coordIndex [
            0,1,2,-1,1,3,4,-1,4,5,1,-1,1,5,6,-1,1,6,2,-1,0,2,7,-1,7,2,8,-1,7,8,9,-1,10,11,12,-1,10,12,13,-1,14,12,15,-1,15,12,16,-1,8,17,9,-1,9,17,18,-1,9,18,19,-1,19,18,20,-1,19,20,12,-1,12,20,21,-1,12,21,13,-1,11,22,12,-1,12,22,23,-1,12,23,16,-1,
        ]
    }
}
Shape{
    appearance Appearance {
        material  Material {
            diffuseColor 1.0 1.0 1.0
            specularColor 0.5019607843137255 0.5019607843137255 0.5019607843137255
            ambientIntensity 1.0
            transparency 0.0
            shininess 0.5
        }
    }
    geometry IndexedFaceSet {
        ccw TRUE
        solid FALSE
        coord DEF co Coordinate {
            point [
                -0.7707 -1.1791 0.2779, -0.7707 -1.1831 0.2779, -0.7681 -1.1831 0.2763, -0.7597 -1.1831 0.2743, -0.7597 -1.1791 0.2743, -0.7639 -1.1791 0.2748, -0.7639 -1.1831 0.2748, -0.7676 -1.1791 0.2762, -0.7681 -1.1791 0.2763, -0.7707 -1.1831 0.271, -0.7707 -1.1791 0.271, -0.7676 -1.1791 0.2699, -0.7665 -1.1831 0.2695, -0.7603 -1.1791 0.2688, -0.7603 -1.1831 0.2688, -0.7643 -1.1791 0.2693, -0.7665 -1.1791 0.2695, -0.7558 -1.1791 0.2693, -0.7552 -1.1831 0.2693, -0.7552 -1.1791 0.2693, -0.7514 -1.1791 0.2706, -0.7514 -1.1831 0.2706, -0.7492 -1.1791 0.2718, -0.7492 -1.1831 0.2718, -0.7473 -1.1791 0.2735, -0.7473 -1.1831 0.2735, -0.7461 -1.1791 0.2753, -0.7461 -1.1831 0.2753, -0.7453 -1.1791 0.2774, -0.7453 -1.1831 0.2774, -0.7449 -1.1791 0.2801, -0.7449 -1.1831 0.2801, -0.7452 -1.1791 0.2826, -0.7452 -1.1831 0.2826, -0.7459 -1.1791 0.2845, -0.7459 -1.1831 0.2845, -0.7472 -1.1791 0.2864, -0.7472 -1.1831 0.2864, -0.7488 -1.1791 0.2878, -0.7488 -1.1831 0.2878, -0.7532 -1.1791 0.2903, -0.7532 -1.1831 0.2903, -0.7558 -1.1791 0.2913, -0.7558 -1.1831 0.2913, -0.7599 -1.1791 0.2931, -0.7599 -1.1831 0.2931, -0.7623 -1.1791 0.2946, -0.7623 -1.1831 0.2946, -0.7629 -1.1791 0.2953, -0.7629 -1.1831 0.2953, -0.7634 -1.1791 0.2962, -0.7634 -1.1831 0.2962, -0.7637 -1.1791 0.2973, -0.7637 -1.1831 0.2973, -0.7638 -1.1791 0.2981, -0.7638 -1.1831 0.2981, -0.7636 -1.1791 0.2992, -0.7636 -1.1831 0.2992, -0.7633 -1.1791 0.3001, -0.7633 -1.1831 0.3001, -0.7627 -1.1791 0.301, -0.7627 -1.1831 0.301, -0.7617 -1.1791 0.3019, -0.7617 -1.1831 0.3019, -0.7602 -1.1791 0.3027, -0.7602 -1.1831 0.3027, -0.7584 -1.1791 0.3031, -0.7584 -1.1831 0.3031, -0.7565 -1.1791 0.3033, -0.7565 -1.1831 0.3033, -0.7521 -1.1791 0.3028, -0.7521 -1.1831 0.3028, -0.7483 -1.1791 0.3014, -0.7483 -1.1831 0.3014, -0.7468 -1.1791 0.3005, -0.7468 -1.1831 0.3005, -0.7468 -1.1831 0.307, -0.7468 -1.1791 0.307, -0.7512 -1.1791 0.3083, -0.7512 -1.1831 0.3083, -0.7558 -1.1791 0.3087, -0.7558 -1.1831 0.3087, -0.7606 -1.1791 0.3082, -0.7606 -1.1831 0.3082, -0.7643 -1.1791 0.3069, -0.7643 -1.1831 0.3069, -0.7664 -1.1791 0.3057, -0.7664 -1.1831 0.3057, -0.7676 -1.1791 0.3046, -0.7683 -1.1831 0.3039, -0.7683 -1.1791 0.3039, -0.7696 -1.1791 0.3021, -0.7696 -1.1831 0.3021, -0.7704 -1.1791 0.2999, -0.7704 -1.1831 0.2999, -0.7706 -1.1791 0.2975, -0.7706 -1.1831 0.2975, -0.7704 -1.1791 0.2949, -0.7704 -1.1831 0.2949, -0.7696 -1.1791 0.2929, -0.7696 -1.1831 0.2929, -0.7688 -1.1791 0.2915, -0.7688 -1.1831 0.2915, -0.7605 -1.1791 0.2865, -0.7605 -1.1831 0.2865, -0.7645 -1.1831 0.2883, -0.7677 -1.1791 0.2904, -0.7677 -1.1831 0.2904, -0.7676 -1.1791 0.2903, -0.7645 -1.1791 0.2883, -0.7561 -1.1791 0.2846, -0.7561 -1.1831 0.2846, -0.7535 -1.1791 0.2831, -0.7535 -1.1831 0.2831, -0.7527 -1.1791 0.2822, -0.7527 -1.1831 0.2822, -0.7522 -1.1791 0.2813, -0.7522 -1.1831 0.2813, -0.7519 -1.1791 0.2803, -0.7519 -1.1831 0.2803, -0.7518 -1.1791 0.2794, -0.7518 -1.1831 0.2794, -0.7519 -1.1791 0.2781, -0.7519 -1.1831 0.2781, -0.7523 -1.1791 0.2772, -0.7523 -1.1831 0.2772, -0.7529 -1.1791 0.2763, -0.7529 -1.1831 0.2763, -0.7536 -1.1791 0.2757, -0.7536 -1.1831 0.2757, -0.7542 -1.1791 0.2753, -0.7542 -1.1831 0.2753, -0.756 -1.1791 0.2746, -0.756 -1.1831 0.2746, -0.7594 -1.1791 0.2743, -0.7594 -1.1831 0.2743, -0.7118 -1.1831 0.3078, -0.7049 -1.1831 0.3078, -0.7118 -1.1791 0.3078, -0.7049 -1.1791 0.3078, -0.7222 -1.1831 0.2791, -0.7222 -1.1791 0.2791, -0.7227 -1.1791 0.2773, -0.7227 -1.1831 0.2773, -0.723 -1.1791 0.276, -0.723 -1.1831 0.276, -0.7232 -1.1831 0.276, -0.7232 -1.1791 0.276, -0.724 -1.1831 0.2792, -0.724 -1.1791 0.2792, -0.734 -1.1831 0.3078, -0.7308 -1.1791 0.2985, -0.734 -1.1791 0.3078, -0.7415 -1.1831 0.3078, -0.7415 -1.1791 0.3078, -0.7265 -1.1831 0.2698, -0.7308 -1.1791 0.2806, -0.7265 -1.1791 0.2698, -0.7294 -1.1791 0.2629, -0.7294 -1.1831 0.2629, -0.7267 -1.1791 0.2693, -0.7308 -1.1791 0.2604, -0.7308 -1.1831 0.2604, -0.7308 -1.1791 0.2604, -0.732 -1.1791 0.259, -0.732 -1.1831 0.259, -0.7332 -1.1791 0.2582, -0.7332 -1.1831 0.2582, -0.7346 -1.1791 0.2577, -0.7346 -1.1831 0.2577, -0.7363 -1.1791 0.2575, -0.7363 -1.1831 0.2575, -0.7387 -1.1791 0.2578, -0.7387 -1.1831 0.2578, -0.7401 -1.1791 0.2582, -0.7401 -1.1831 0.2582, -0.7401 -1.1831 0.2523, -0.7401 -1.1791 0.2523, -0.7372 -1.1791 0.2518, -0.7372 -1.1831 0.2518, -0.7358 -1.1791 0.2517, -0.7358 -1.1831 0.2517, -0.7331 -1.1791 0.2521, -0.7331 -1.1831 0.2521, -0.7308 -1.1791 0.2529, -0.7304 -1.1831 0.2531, -0.7304 -1.1791 0.2531, -0.7281 -1.1791 0.2547, -0.7281 -1.1831 0.2547, -0.7276 -1.1791 0.2551, -0.7276 -1.1831 0.2551, -0.7252 -1.1791 0.2581, -0.7252 -1.1831 0.2581, -0.7222 -1.1791 0.2639, -0.7222 -1.1831 0.2639, -0.7201 -1.1791 0.2693, -0.669 -1.1831 0.2758, -0.669 -1.1831 0.2697, -0.669 -1.1791 0.2758, -0.669 -1.1791 0.2697, -0.6908 -1.1831 0.2758, -0.6808 -1.1791 0.2758, -0.6908 -1.1791 0.2758, -0.6908 -1.1831 0.2937, -0.6908 -1.1791 0.2937, -0.6717 -1.1831 0.2937, -0.6808 -1.1791 0.2937, -0.6717 -1.1791 0.2937, -0.6717 -1.1831 0.2999, -0.6717 -1.1791 0.2999, -0.6908 -1.1791 0.2999, -0.6908 -1.1831 0.2999, -0.6808 -1.1791 0.2999, -0.6908 -1.1831 0.3169, -0.6908 -1.1791 0.3169, -0.6702 -1.1791 0.3169, -0.6702 -1.1831 0.3169, -0.6808 -1.1791 0.3169, -0.6702 -1.1831 0.3231, -0.6702 -1.1791 0.3231, -0.6977 -1.1791 0.3231, -0.6977 -1.1831 0.3231, -0.6808 -1.1791 0.3231, -0.6977 -1.1831 0.2697, -0.6977 -1.1791 0.2697, -0.6808 -1.1791 0.2697, -0.6258 -1.1831 0.2846, -0.6284 -1.1831 0.2814, -0.6235 -1.1831 0.2772, -0.629 -1.1831 0.2808, -0.6291 -1.1831 0.2732, -0.6324 -1.1831 0.2784, -0.6351 -1.1831 0.2708, -0.6369 -1.1831 0.2767, -0.6442 -1.1831 0.2697, -0.6442 -1.1831 0.2758, -0.6589 -1.1831 0.2697, -0.652 -1.1831 0.2758, -0.6589 -1.1831 0.3231, -0.652 -1.1831 0.3169, -0.6436 -1.1831 0.3231, -0.6439 -1.1831 0.3169, -0.6355 -1.1831 0.3222, -0.6367 -1.1831 0.3161, -0.629 -1.1831 0.3198, -0.6321 -1.1831 0.3144, -0.6235 -1.1831 0.316, -0.6285 -1.1831 0.3119, -0.6216 -1.1831 0.3142, -0.627 -1.1831 0.3104, -0.6183 -1.1831 0.3095, -0.6249 -1.1831 0.3074, -0.6163 -1.1831 0.3044, -0.6234 -1.1831 0.3035, -0.6154 -1.1831 0.2971, -0.6227 -1.1831 0.2969, -0.6156 -1.1831 0.2937, -0.6228 -1.1831 0.2934, -0.6169 -1.1831 0.2874, -0.6239 -1.1831 0.2885, -0.6195 -1.1831 0.2819, -0.6442 -1.1791 0.2697, -0.6589 -1.1791 0.2697, -0.6351 -1.1791 0.2708, -0.6291 -1.1791 0.2732, -0.6235 -1.1791 0.2772, -0.6195 -1.1791 0.2819, -0.6169 -1.1791 0.2874, -0.6156 -1.1791 0.2937, -0.6154 -1.1791 0.2971, -0.6163 -1.1791 0.3044, -0.6183 -1.1791 0.3095, -0.6216 -1.1791 0.3142, -0.6235 -1.1791 0.316, -0.629 -1.1791 0.3198, -0.6355 -1.1791 0.3222, -0.6436 -1.1791 0.3231, -0.6589 -1.1791 0.3231, -0.6439 -1.1791 0.3169, -0.652 -1.1791 0.3169, -0.652 -1.1791 0.2758, -0.6442 -1.1791 0.2758, -0.6284 -1.1791 0.2814, -0.629 -1.1791 0.2808, -0.6324 -1.1791 0.2784, -0.6369 -1.1791 0.2767, -0.6227 -1.1791 0.2969, -0.6228 -1.1791 0.2934, -0.6239 -1.1791 0.2885, -0.6258 -1.1791 0.2846, -0.6285 -1.1791 0.3119, -0.627 -1.1791 0.3104, -0.6249 -1.1791 0.3074, -0.6234 -1.1791 0.3035, -0.6367 -1.1791 0.3161, -0.6321 -1.1791 0.3144
            ]
        }
        coordIndex [
            0,1,2,-1,3,4,5,-1,3,5,6,-1,6,5,7,-1,6,7,2,-1,2,7,8,-1,2,8,0,-1,9,1,10,-1,10,1,0,-1,10,11,9,-1,9,11,12,-1,13,14,15,-1,15,14,12,-1,15,12,16,-1,16,12,11,-1,13,17,14,-1,14,17,18,-1,17,19,18,-1,18,19,20,-1,18,20,21,-1,21,20,22,-1,21,22,23,-1,23,22,24,-1,23,24,25,-1,25,24,26,-1,25,26,27,-1,27,26,28,-1,27,28,29,-1,29,28,30,-1,29,30,31,-1,31,30,32,-1,31,32,33,-1,33,32,34,-1,33,34,35,-1,35,34,36,-1,35,36,37,-1,37,36,38,-1,37,38,39,-1,39,38,40,-1,39,40,41,-1,41,40,42,-1,41,42,43,-1,43,42,44,-1,43,44,45,-1,45,44,46,-1,45,46,47,-1,47,46,48,-1,47,48,49,-1,49,48,50,-1,49,50,51,-1,51,50,52,-1,51,52,53,-1,53,52,54,-1,53,54,55,-1,55,54,56,-1,55,56,57,-1,57,56,58,-1,57,58,59,-1,59,58,60,-1,59,60,61,-1,61,60,62,-1,61,62,63,-1,63,62,64,-1,63,64,65,-1,65,64,66,-1,65,66,67,-1,67,66,68,-1,67,68,69,-1,69,68,70,-1,69,70,71,-1,71,70,72,-1,71,72,73,-1,73,72,74,-1,73,74,75,-1,76,75,77,-1,77,75,74,-1,76,77,78,-1,76,78,79,-1,79,78,80,-1,79,80,81,-1,81,80,82,-1,81,82,83,-1,83,82,84,-1,83,84,85,-1,85,84,86,-1,85,86,87,-1,86,88,87,-1,87,88,89,-1,88,90,89,-1,89,90,91,-1,89,91,92,-1,92,91,93,-1,92,93,94,-1,94,93,95,-1,94,95,96,-1,96,95,97,-1,96,97,98,-1,98,97,99,-1,98,99,100,-1,100,99,101,-1,100,101,102,-1,103,104,105,-1,102,101,106,-1,102,106,107,-1,107,106,108,-1,107,108,105,-1,105,108,109,-1,105,109,103,-1,104,103,110,-1,104,110,111,-1,111,110,112,-1,111,112,113,-1,113,112,114,-1,113,114,115,-1,115,114,116,-1,115,116,117,-1,117,116,118,-1,117,118,119,-1,119,118,120,-1,119,120,121,-1,121,120,122,-1,121,122,123,-1,123,122,124,-1,123,124,125,-1,125,124,126,-1,125,126,127,-1,127,126,128,-1,127,128,129,-1,129,128,130,-1,129,130,131,-1,131,130,132,-1,131,132,133,-1,133,132,134,-1,133,134,135,-1,135,134,4,-1,135,4,3,-1,61,63,85,-1,85,63,83,-1,45,104,43,-1,43,104,111,-1,43,111,41,-1,14,3,12,-1,12,3,6,-1,12,6,9,-1,9,6,2,-1,9,2,1,-1,63,65,83,-1,83,65,67,-1,83,67,81,-1,81,67,69,-1,81,69,79,-1,79,69,71,-1,79,71,76,-1,76,71,73,-1,76,73,75,-1,41,111,39,-1,39,111,113,-1,39,113,37,-1,37,113,115,-1,37,115,35,-1,35,115,117,-1,35,117,33,-1,33,117,119,-1,33,119,31,-1,31,119,121,-1,31,121,29,-1,29,121,123,-1,29,123,27,-1,27,123,125,-1,27,125,25,-1,25,125,127,-1,25,127,23,-1,23,127,129,-1,23,129,21,-1,21,129,131,-1,21,131,18,-1,18,131,133,-1,18,133,14,-1,14,133,135,-1,14,135,3,-1,85,87,61,-1,61,87,89,-1,61,89,59,-1,59,89,92,-1,59,92,57,-1,57,92,94,-1,57,94,55,-1,55,94,96,-1,55,96,53,-1,53,96,98,-1,53,98,51,-1,51,98,100,-1,51,100,49,-1,49,100,102,-1,49,102,47,-1,47,102,107,-1,47,107,45,-1,45,107,105,-1,45,105,104,-1,136,137,138,-1,138,137,139,-1,140,136,141,-1,141,136,138,-1,140,141,142,-1,140,142,143,-1,143,142,144,-1,143,144,145,-1,146,145,147,-1,147,145,144,-1,148,146,149,-1,149,146,147,-1,148,149,150,-1,150,149,151,-1,150,151,152,-1,153,150,154,-1,154,150,152,-1,153,154,155,-1,155,154,156,-1,155,156,157,-1,158,159,160,-1,160,159,155,-1,160,155,157,-1,158,161,159,-1,159,161,162,-1,161,163,162,-1,162,163,164,-1,162,164,165,-1,165,164,166,-1,165,166,167,-1,167,166,168,-1,167,168,169,-1,169,168,170,-1,169,170,171,-1,171,170,172,-1,171,172,173,-1,173,172,174,-1,173,174,175,-1,176,175,177,-1,177,175,174,-1,176,177,178,-1,176,178,179,-1,179,178,180,-1,179,180,181,-1,181,180,182,-1,181,182,183,-1,183,182,184,-1,183,184,185,-1,184,186,185,-1,185,186,187,-1,185,187,188,-1,188,187,189,-1,188,189,190,-1,190,189,191,-1,190,191,192,-1,192,191,193,-1,192,193,194,-1,139,137,195,-1,195,137,194,-1,195,194,193,-1,143,145,194,-1,137,136,194,-1,194,136,140,-1,194,140,143,-1,150,153,148,-1,148,153,155,-1,148,155,146,-1,175,176,173,-1,173,176,179,-1,173,179,171,-1,171,179,181,-1,171,181,169,-1,169,181,183,-1,169,183,167,-1,167,183,185,-1,167,185,165,-1,145,146,194,-1,194,146,155,-1,194,155,192,-1,155,159,192,-1,192,159,162,-1,192,162,190,-1,190,162,165,-1,190,165,188,-1,188,165,185,-1,196,197,198,-1,198,197,199,-1,196,198,200,-1,200,198,201,-1,200,201,202,-1,203,200,204,-1,204,200,202,-1,203,204,205,-1,205,204,206,-1,205,206,207,-1,208,205,209,-1,209,205,207,-1,210,211,212,-1,212,211,208,-1,212,208,209,-1,213,211,214,-1,214,211,210,-1,215,216,217,-1,217,216,213,-1,217,213,214,-1,218,216,219,-1,219,216,215,-1,220,221,222,-1,222,221,218,-1,222,218,219,-1,223,221,224,-1,224,221,220,-1,223,224,197,-1,197,224,225,-1,197,225,199,-1,223,197,196,-1,196,200,223,-1,223,200,203,-1,223,203,221,-1,216,218,213,-1,213,218,221,-1,213,221,211,-1,211,221,203,-1,211,203,208,-1,208,203,205,-1,226,227,228,-1,228,227,229,-1,228,229,230,-1,230,229,231,-1,230,231,232,-1,232,231,233,-1,232,233,234,-1,234,233,235,-1,234,235,236,-1,236,235,237,-1,236,237,238,-1,238,237,239,-1,238,239,240,-1,240,239,241,-1,240,241,242,-1,242,241,243,-1,242,243,244,-1,244,243,245,-1,244,245,246,-1,246,245,247,-1,246,247,248,-1,248,247,249,-1,248,249,250,-1,250,249,251,-1,250,251,252,-1,252,251,253,-1,252,253,254,-1,254,253,255,-1,254,255,256,-1,256,255,257,-1,256,257,258,-1,258,257,259,-1,258,259,260,-1,260,259,226,-1,260,226,228,-1,234,236,261,-1,261,236,262,-1,234,261,263,-1,234,263,232,-1,232,263,264,-1,232,264,230,-1,230,264,265,-1,230,265,228,-1,228,265,266,-1,228,266,260,-1,260,266,267,-1,260,267,258,-1,258,267,268,-1,258,268,256,-1,256,268,269,-1,256,269,254,-1,254,269,270,-1,254,270,252,-1,252,270,271,-1,252,271,250,-1,250,271,272,-1,250,272,248,-1,248,272,273,-1,248,273,246,-1,246,273,274,-1,246,274,244,-1,244,274,275,-1,244,275,242,-1,242,275,276,-1,242,276,240,-1,238,240,277,-1,277,240,276,-1,236,238,262,-1,262,238,277,-1,241,239,278,-1,278,239,279,-1,239,237,279,-1,279,237,280,-1,237,235,280,-1,280,235,281,-1,227,282,283,-1,227,283,229,-1,229,283,284,-1,229,284,231,-1,231,284,285,-1,231,285,233,-1,233,285,281,-1,233,281,235,-1,255,286,287,-1,255,287,257,-1,257,287,288,-1,257,288,259,-1,259,288,289,-1,259,289,226,-1,226,289,282,-1,226,282,227,-1,247,290,291,-1,247,291,249,-1,249,291,292,-1,249,292,251,-1,251,292,293,-1,251,293,253,-1,253,293,286,-1,253,286,255,-1,241,278,294,-1,241,294,243,-1,243,294,295,-1,243,295,245,-1,245,295,290,-1,245,290,247,-1,
        ]
    }
}
Shape{
    appearance Appearance {
        material  Material {
            diffuseColor 0.25098039215686274 0.25098039215686274 0.25098039215686274
            specularColor 0.12549019607843137 0.12549019607843137 0.12549019607843137
            ambientIntensity 0.251
            transparency 0.0
            shininess 0.5
        }
    }
    geometry IndexedFaceSet {
        ccw TRUE
        solid FALSE
        coord DEF co Coordinate {
            point [
                -0.652 -1.1791 0.3169, -0.652 -1.1791 0.2758, -0.6439 -1.1791 0.3169, -0.6442 -1.1791 0.2758, -0.6369 -1.1791 0.2767, -0.6324 -1.1791 0.2784, -0.629 -1.1791 0.2808, -0.6284 -1.1791 0.2814, -0.6258 -1.1791 0.2846, -0.6239 -1.1791 0.2885, -0.6227 -1.1791 0.2969, -0.6285 -1.1791 0.3119, -0.6321 -1.1791 0.3144, -0.6234 -1.1791 0.3035, -0.6249 -1.1791 0.3074, -0.627 -1.1791 0.3104, -0.6228 -1.1791 0.2934, -0.6367 -1.1791 0.3161
            ]
        }
        coordIndex [
            0,1,2,-1,2,1,3,-1,3,4,2,-1,2,4,5,-1,2,5,6,-1,6,7,2,-1,2,7,8,-1,2,8,9,-1,10,11,12,-1,13,14,10,-1,10,14,15,-1,10,15,11,-1,9,16,2,-1,2,16,10,-1,2,10,17,-1,17,10,12,-1,
        ]
    }
}
Shape{
    appearance Appearance {
        material  Material {
            diffuseColor 1.0 1.0 1.0
            specularColor 0.5019607843137255 0.5019607843137255 0.5019607843137255
            ambientIntensity 1.0
            transparency 0.0
            shininess 0.5
        }
    }
    geometry IndexedFaceSet {
        ccw TRUE
        solid FALSE
        coord DEF co Coordinate {
            point [
                -0.5975 -1.1831 0.2903, -0.5997 -1.1831 0.2843, -0.5796 -1.1831 0.2903, -0.5775 -1.1831 0.2843, -0.5895 -1.1831 0.3125, -0.5921 -1.1831 0.3231, -0.6124 -1.1831 0.2697, -0.6048 -1.1831 0.2697, -0.5891 -1.1831 0.3141, -0.5887 -1.1831 0.3163, -0.5847 -1.1831 0.3231, -0.5885 -1.1831 0.3163, -0.5881 -1.1831 0.314, -0.5877 -1.1831 0.3125, -0.5644 -1.1831 0.2697, -0.572 -1.1831 0.2697, -0.5847 -1.1791 0.3231, -0.5644 -1.1791 0.2697, -0.5921 -1.1791 0.3231, -0.6124 -1.1791 0.2697, -0.6048 -1.1791 0.2697, -0.5997 -1.1791 0.2843, -0.5775 -1.1791 0.2843, -0.572 -1.1791 0.2697, -0.5975 -1.1791 0.2903, -0.5796 -1.1791 0.2903, -0.5877 -1.1791 0.3125, -0.5885 -1.1791 0.3163, -0.5881 -1.1791 0.314, -0.5887 -1.1791 0.3163, -0.5895 -1.1791 0.3125, -0.5891 -1.1791 0.3141
            ]
        }
        coordIndex [
            0,1,2,-1,2,1,3,-1,4,5,0,-1,0,5,6,-1,0,6,1,-1,1,6,7,-1,4,8,5,-1,5,8,9,-1,5,9,10,-1,10,9,11,-1,10,11,12,-1,12,13,10,-1,10,13,2,-1,10,2,14,-1,14,2,3,-1,14,3,15,-1,10,14,16,-1,16,14,17,-1,5,10,18,-1,18,10,16,-1,6,5,19,-1,19,5,18,-1,7,6,20,-1,20,6,19,-1,1,7,21,-1,21,7,20,-1,3,1,22,-1,22,1,21,-1,15,3,23,-1,23,3,22,-1,14,15,17,-1,17,15,23,-1,0,2,24,-1,24,2,25,-1,2,13,25,-1,25,13,26,-1,11,27,28,-1,11,28,12,-1,12,28,26,-1,12,26,13,-1,11,9,27,-1,27,9,29,-1,4,30,31,-1,4,31,8,-1,8,31,29,-1,8,29,9,-1,4,0,30,-1,30,0,24,-1,
        ]
    }
}
Shape{
    appearance Appearance {
        material  Material {
            diffuseColor 0.25098039215686274 0.25098039215686274 0.25098039215686274
            specularColor 0.12549019607843137 0.12549019607843137 0.12549019607843137
            ambientIntensity 0.251
            transparency 0.0
            shininess 0.5
        }
    }
    geometry IndexedFaceSet {
        ccw TRUE
        solid FALSE
        coord DEF co Coordinate {
            point [
                -0.5885 -1.1791 0.3163, -0.5887 -1.1791 0.3163, -0.5881 -1.1791 0.314, -0.5891 -1.1791 0.3141, -0.5877 -1.1791 0.3125, -0.5895 -1.1791 0.3125, -0.5796 -1.1791 0.2903, -0.5975 -1.1791 0.2903
            ]
        }
        coordIndex [
            0,1,2,-1,2,1,3,-1,2,3,4,-1,4,3,5,-1,4,5,6,-1,6,5,7,-1,
        ]
    }
}
Shape{
    appearance Appearance {
        material  Material {
            diffuseColor 1.0 1.0 1.0
            specularColor 0.5019607843137255 0.5019607843137255 0.5019607843137255
            ambientIntensity 1.0
            transparency 0.0
            shininess 0.5
        }
    }
    geometry IndexedFaceSet {
        ccw TRUE
        solid FALSE
        coord DEF co Coordinate {
            point [
                -1.0913 -1.1831 0.3617, -1.0828 -1.1831 0.3661, -1.0848 -1.1831 0.3895, -1.018 -1.1831 0.2606, -1.0135 -1.1831 0.2691, -1.0112 -1.1831 0.2785, -1.0611 -1.1831 0.3906, -1.0494 -1.1831 0.3629, -1.0436 -1.1831 0.3749, -1.0634 -1.1831 0.2774, -1.0641 -1.1831 0.2809, -1.0847 -1.1831 0.2957, -1.085 -1.1831 0.2703, -1.0898 -1.1831 0.2717, -1.0929 -1.1831 0.3008, -1.0699 -1.1831 0.3913, -0.9579 -1.1831 0.3143, -0.9697 -1.1831 0.3344, -1.011 -1.1831 0.2862, -1.0205 -1.1831 0.3079, -1.011 -1.1831 0.2824, -1.0313 -1.1831 0.2489, -1.0238 -1.1831 0.2541, -1.0357 -1.1831 0.2877, -1.0347 -1.1831 0.2843, -1.0346 -1.1831 0.2806, -1.0355 -1.1831 0.2769, -1.0372 -1.1831 0.2736, -1.0619 -1.1831 0.2742, -1.0756 -1.1831 0.2552, -1.0812 -1.1831 0.2621, -0.9454 -1.1831 0.3519, -0.9423 -1.1831 0.3519, -0.9268 -1.1831 0.3724, -0.9351 -1.1831 0.351, -0.9249 -1.1831 0.3717, -0.9285 -1.1831 0.3484, -0.9136 -1.1831 0.3661, -0.9033 -1.1831 0.3574, -1.0534 -1.1831 0.3997, -1.0351 -1.1831 0.3851, -1.0444 -1.1831 0.4073, -1.0249 -1.1831 0.3925, -1.0341 -1.1831 0.4136, -1.0734 -1.1831 0.3684, -1.0695 -1.1831 0.3686, -1.0655 -1.1831 0.3911, -1.0606 -1.1831 0.3675, -1.0521 -1.1831 0.3644, -1.0395 -1.1831 0.2711, -1.0423 -1.1831 0.269, -1.0398 -1.1831 0.2456, -1.0456 -1.1831 0.2677, -1.049 -1.1831 0.2445, -1.0494 -1.1831 0.2672, -1.0504 -1.1831 0.2445, -1.05 -1.1831 0.2673, -1.0594 -1.1831 0.2459, -1.0534 -1.1831 0.2678, -1.0682 -1.1831 0.2496, -1.0569 -1.1831 0.2693, -1.0598 -1.1831 0.2715, -0.9032 -1.1831 0.2866, -0.9209 -1.1831 0.3017, -0.9136 -1.1831 0.2779, -0.9265 -1.1831 0.2971, -0.9252 -1.1831 0.2722, -0.9332 -1.1831 0.294, -0.9378 -1.1831 0.2695, -0.9401 -1.1831 0.2927, -0.9602 -1.1831 0.2695, -0.9571 -1.1831 0.2927, -0.9623 -1.1831 0.2699, -0.9226 -1.1831 0.3443, -0.9182 -1.1831 0.3394, -0.8956 -1.1831 0.3466, -0.9147 -1.1831 0.3329, -0.8909 -1.1831 0.335, -0.9129 -1.1831 0.3256, -0.8892 -1.1831 0.3227, -0.9127 -1.1831 0.3223, -0.8909 -1.1831 0.3091, -0.9136 -1.1831 0.3149, -0.8957 -1.1831 0.2971, -0.9163 -1.1831 0.3081, -0.9204 -1.1831 0.3022, -0.9473 -1.1831 0.4024, -0.9621 -1.1831 0.3849, -0.9344 -1.1831 0.3874, -0.9536 -1.1831 0.3747, -0.9477 -1.1831 0.3625, -1.1063 -1.1831 0.3398, -1.1312 -1.1831 0.3335, -1.1074 -1.1831 0.3306, -1.1313 -1.1831 0.3299, -1.107 -1.1831 0.3248, -1.1295 -1.1831 0.315, -1.1043 -1.1831 0.3155, -1.1241 -1.1831 0.3009, -1.0997 -1.1831 0.3078, -1.1154 -1.1831 0.2885, -1.1036 -1.1831 0.2784, -1.0639 -1.1831 0.2846, -1.0628 -1.1831 0.2882, -1.0805 -1.1831 0.3039, -1.0609 -1.1831 0.2913, -1.0742 -1.1831 0.311, -1.0593 -1.1831 0.293, -1.0664 -1.1831 0.3164, -1.0564 -1.1831 0.2951, -1.0581 -1.1831 0.3196, -1.0531 -1.1831 0.2964, -1.049 -1.1831 0.3208, -1.0494 -1.1831 0.2968, -1.0444 -1.1831 0.3205, -1.0466 -1.1831 0.2966, -1.0352 -1.1831 0.3182, -1.0431 -1.1831 0.2954, -1.0272 -1.1831 0.3139, -1.04 -1.1831 0.2935, -1.0374 -1.1831 0.2908, -1.0165 -1.1831 0.4201, -1.0125 -1.1831 0.3975, -0.9989 -1.1831 0.4221, -0.9985 -1.1831 0.3993, -0.9814 -1.1831 0.42, -0.9856 -1.1831 0.3977, -0.9625 -1.1831 0.4129, -0.9737 -1.1831 0.3932, -0.9631 -1.1831 0.3858, -1.0989 -1.1831 0.384, -1.1109 -1.1831 0.3756, -1.0978 -1.1831 0.3558, -1.1135 -1.1831 0.3731, -1.103 -1.1831 0.3483, -1.1226 -1.1831 0.3614, -1.1287 -1.1831 0.3478, -0.959 -1.1831 0.293, -0.9682 -1.1831 0.2735, -0.9673 -1.1831 0.2726, -0.9579 -1.1831 0.2928, -0.9648 -1.1831 0.2709, -0.9712 -1.1831 0.2813, -0.9708 -1.1831 0.2785, -0.9698 -1.1831 0.2759, -0.9624 -1.1831 0.2927, -0.965 -1.1831 0.2916, -0.9711 -1.1831 0.2828, -0.9673 -1.1831 0.29, -0.9689 -1.1831 0.2883, -0.9703 -1.1831 0.2857, -0.9594 -1.1831 0.2931, -0.9008 -1.1791 0.3539, -0.8956 -1.1791 0.3466, -0.8922 -1.1791 0.3383, -0.8909 -1.1791 0.335, -0.8892 -1.1791 0.3227, -0.9033 -1.1791 0.3574, -0.9136 -1.1791 0.3661, -0.9249 -1.1791 0.3717, -0.9268 -1.1791 0.3724, -0.9344 -1.1791 0.3874, -0.9473 -1.1791 0.4024, -0.9558 -1.1791 0.4082, -0.9625 -1.1791 0.4129, -0.9814 -1.1791 0.42, -0.9989 -1.1791 0.4221, -1.0444 -1.1791 0.4073, -1.0429 -1.1791 0.4082, -1.0341 -1.1791 0.4136, -1.0165 -1.1791 0.4201, -1.0534 -1.1791 0.3997, -1.0611 -1.1791 0.3906, -1.0655 -1.1791 0.3911, -1.0699 -1.1791 0.3913, -1.0848 -1.1791 0.3895, -1.0989 -1.1791 0.384, -1.1109 -1.1791 0.3756, -1.1135 -1.1791 0.3731, -1.1226 -1.1791 0.3614, -1.126 -1.1791 0.3539, -1.1287 -1.1791 0.3478, -1.1304 -1.1791 0.3383, -1.1312 -1.1791 0.3335, -1.1313 -1.1791 0.3299, -1.1295 -1.1791 0.315, -1.1241 -1.1791 0.3009, -1.1154 -1.1791 0.2885, -1.1036 -1.1791 0.2784, -1.0898 -1.1791 0.2717, -1.085 -1.1791 0.2703, -1.0846 -1.1791 0.2693, -1.0812 -1.1791 0.2621, -1.0756 -1.1791 0.2552, -1.0682 -1.1791 0.2496, -1.0647 -1.1791 0.2481, -1.0594 -1.1791 0.2459, -1.0504 -1.1791 0.2445, -1.049 -1.1791 0.2445, -1.011 -1.1791 0.2824, -1.0398 -1.1791 0.2456, -1.0333 -1.1791 0.2481, -1.0313 -1.1791 0.2489, -1.0238 -1.1791 0.2541, -1.018 -1.1791 0.2606, -1.0135 -1.1791 0.2691, -1.0134 -1.1791 0.2693, -1.0112 -1.1791 0.2785, -1.011 -1.1791 0.2862, -0.9579 -1.1791 0.3143, -0.9697 -1.1791 0.3344, -1.0205 -1.1791 0.3079, -1.0272 -1.1791 0.3139, -1.0352 -1.1791 0.3182, -1.0444 -1.1791 0.3205, -1.049 -1.1791 0.3208, -1.0581 -1.1791 0.3196, -1.0664 -1.1791 0.3164, -1.0742 -1.1791 0.311, -1.0805 -1.1791 0.3039, -1.0847 -1.1791 0.2957, -1.0929 -1.1791 0.3008, -1.0997 -1.1791 0.3078, -1.1043 -1.1791 0.3155, -1.107 -1.1791 0.3248, -1.1074 -1.1791 0.3306, -1.1065 -1.1791 0.3383, -1.1063 -1.1791 0.3398, -1.103 -1.1791 0.3483, -1.0991 -1.1791 0.3539, -1.0978 -1.1791 0.3558, -1.0913 -1.1791 0.3617, -1.0828 -1.1791 0.3661, -1.0734 -1.1791 0.3684, -1.0695 -1.1791 0.3686, -1.0606 -1.1791 0.3675, -1.0521 -1.1791 0.3644, -1.0494 -1.1791 0.3629, -1.0436 -1.1791 0.3749, -1.0351 -1.1791 0.3851, -1.0249 -1.1791 0.3925, -1.0125 -1.1791 0.3975, -0.9985 -1.1791 0.3993, -0.9454 -1.1791 0.3519, -0.9458 -1.1791 0.3539, -0.9477 -1.1791 0.3625, -0.9536 -1.1791 0.3747, -0.9621 -1.1791 0.3849, -0.9631 -1.1791 0.3858, -0.9737 -1.1791 0.3932, -0.9856 -1.1791 0.3977, -0.9423 -1.1791 0.3519, -0.9351 -1.1791 0.351, -0.9285 -1.1791 0.3484, -0.9226 -1.1791 0.3443, -0.9182 -1.1791 0.3394, -0.9176 -1.1791 0.3383, -0.9147 -1.1791 0.3329, -0.9129 -1.1791 0.3256, -0.9127 -1.1791 0.3223, -0.9136 -1.1791 0.3149, -0.9163 -1.1791 0.3081, -0.9204 -1.1791 0.3022, -0.9209 -1.1791 0.3017, -0.9265 -1.1791 0.2971, -0.9332 -1.1791 0.294, -0.9401 -1.1791 0.2927, -0.9571 -1.1791 0.2927, -0.9579 -1.1791 0.2928, -0.959 -1.1791 0.293, -0.9594 -1.1791 0.2931, -0.9624 -1.1791 0.2927, -0.965 -1.1791 0.2916, -0.9673 -1.1791 0.29, -0.9689 -1.1791 0.2883, -0.9703 -1.1791 0.2857, -0.9711 -1.1791 0.2828, -0.9712 -1.1791 0.2813, -0.9708 -1.1791 0.2785, -0.9698 -1.1791 0.2759, -0.9682 -1.1791 0.2735, -0.9673 -1.1791 0.2726, -0.9648 -1.1791 0.2709, -0.9623 -1.1791 0.2699, -0.9602 -1.1791 0.2695, -0.9378 -1.1791 0.2695, -0.9252 -1.1791 0.2722, -0.9136 -1.1791 0.2779, -0.9032 -1.1791 0.2866, -0.8957 -1.1791 0.2971, -0.8909 -1.1791 0.3091, -1.0494 -1.1791 0.2968, -1.0466 -1.1791 0.2966, -1.0431 -1.1791 0.2954, -1.04 -1.1791 0.2935, -1.0374 -1.1791 0.2908, -1.0357 -1.1791 0.2877, -1.0347 -1.1791 0.2843, -1.0346 -1.1791 0.2806, -1.0355 -1.1791 0.2769, -1.0372 -1.1791 0.2736, -1.0395 -1.1791 0.2711, -1.0423 -1.1791 0.269, -1.0456 -1.1791 0.2677, -1.0494 -1.1791 0.2672, -1.05 -1.1791 0.2673, -1.0534 -1.1791 0.2678, -1.0569 -1.1791 0.2693, -1.0598 -1.1791 0.2715, -1.0619 -1.1791 0.2742, -1.0634 -1.1791 0.2774, -1.0641 -1.1791 0.2809, -1.0639 -1.1791 0.2846, -1.0628 -1.1791 0.2882, -1.0609 -1.1791 0.2913, -1.0593 -1.1791 0.293, -1.0564 -1.1791 0.2951, -1.0531 -1.1791 0.2964
            ]
        }
        coordIndex [
            0,1,2,-1,3,4,5,-1,6,7,8,-1,9,10,11,-1,12,11,13,-1,13,11,14,-1,2,1,15,-1,16,17,18,-1,18,17,19,-1,18,19,20,-1,20,19,21,-1,20,21,5,-1,5,21,22,-1,5,22,3,-1,23,24,19,-1,19,24,25,-1,19,25,21,-1,21,25,26,-1,21,26,27,-1,28,9,29,-1,29,9,11,-1,29,11,30,-1,30,11,12,-1,31,32,33,-1,33,32,34,-1,33,34,35,-1,35,34,36,-1,35,36,37,-1,37,36,38,-1,6,8,39,-1,39,8,40,-1,39,40,41,-1,41,40,42,-1,41,42,43,-1,1,44,15,-1,15,44,45,-1,15,45,46,-1,46,45,47,-1,46,47,6,-1,6,47,48,-1,6,48,7,-1,27,49,21,-1,21,49,50,-1,21,50,51,-1,51,50,52,-1,51,52,53,-1,53,52,54,-1,53,54,55,-1,55,54,56,-1,55,56,57,-1,57,56,58,-1,57,58,59,-1,59,58,60,-1,59,60,29,-1,29,60,61,-1,29,61,28,-1,62,63,64,-1,64,63,65,-1,64,65,66,-1,66,65,67,-1,66,67,68,-1,68,67,69,-1,68,69,70,-1,70,69,71,-1,70,71,72,-1,36,73,38,-1,38,73,74,-1,38,74,75,-1,75,74,76,-1,75,76,77,-1,77,76,78,-1,77,78,79,-1,79,78,80,-1,79,80,81,-1,81,80,82,-1,81,82,83,-1,83,82,84,-1,83,84,62,-1,62,84,85,-1,62,85,63,-1,86,87,88,-1,88,87,89,-1,88,89,33,-1,33,89,90,-1,33,90,31,-1,91,92,93,-1,93,92,94,-1,93,94,95,-1,95,94,96,-1,95,96,97,-1,97,96,98,-1,97,98,99,-1,99,98,100,-1,99,100,14,-1,14,100,101,-1,14,101,13,-1,10,102,11,-1,11,102,103,-1,11,103,104,-1,104,103,105,-1,104,105,106,-1,106,105,107,-1,106,107,108,-1,108,107,109,-1,108,109,110,-1,110,109,111,-1,110,111,112,-1,112,111,113,-1,112,113,114,-1,114,113,115,-1,114,115,116,-1,116,115,117,-1,116,117,118,-1,118,117,119,-1,118,119,19,-1,19,119,120,-1,19,120,23,-1,43,42,121,-1,121,42,122,-1,121,122,123,-1,123,122,124,-1,123,124,125,-1,125,124,126,-1,125,126,127,-1,127,126,128,-1,127,128,86,-1,86,128,129,-1,86,129,87,-1,2,130,0,-1,0,130,131,-1,0,131,132,-1,132,131,133,-1,132,133,134,-1,134,133,135,-1,134,135,91,-1,91,135,136,-1,91,136,92,-1,137,138,139,-1,71,140,72,-1,72,140,137,-1,72,137,141,-1,141,137,139,-1,142,143,137,-1,137,143,144,-1,137,144,138,-1,145,146,147,-1,146,148,147,-1,147,148,149,-1,147,149,150,-1,142,137,147,-1,147,137,151,-1,147,151,145,-1,152,38,153,-1,153,38,75,-1,153,75,154,-1,154,75,77,-1,154,77,155,-1,155,77,79,-1,155,79,156,-1,152,157,38,-1,38,157,158,-1,38,158,37,-1,37,158,159,-1,37,159,35,-1,35,159,160,-1,35,160,33,-1,33,160,161,-1,33,161,88,-1,88,161,162,-1,88,162,86,-1,86,162,127,-1,127,162,163,-1,163,164,127,-1,127,164,165,-1,127,165,125,-1,125,165,166,-1,125,166,123,-1,167,41,168,-1,168,41,43,-1,168,43,169,-1,169,43,121,-1,169,121,170,-1,170,121,123,-1,170,123,166,-1,41,167,171,-1,41,171,39,-1,39,171,172,-1,39,172,6,-1,6,172,173,-1,6,173,46,-1,46,173,174,-1,46,174,15,-1,15,174,175,-1,15,175,2,-1,2,175,176,-1,2,176,130,-1,130,176,177,-1,130,177,131,-1,131,177,178,-1,131,178,133,-1,136,135,179,-1,179,135,133,-1,179,133,178,-1,179,180,136,-1,136,180,181,-1,136,181,92,-1,92,181,182,-1,182,183,92,-1,92,183,184,-1,92,184,94,-1,94,184,185,-1,94,185,96,-1,96,185,186,-1,96,186,98,-1,98,186,187,-1,98,187,100,-1,100,187,188,-1,100,188,101,-1,101,188,189,-1,101,189,13,-1,13,189,190,-1,13,190,12,-1,12,190,191,-1,12,191,30,-1,191,192,30,-1,30,192,193,-1,30,193,29,-1,29,193,194,-1,29,194,59,-1,59,194,195,-1,59,195,57,-1,195,196,57,-1,57,196,197,-1,57,197,55,-1,55,197,198,-1,55,198,53,-1,199,20,5,-1,53,198,200,-1,53,200,51,-1,51,200,201,-1,51,201,21,-1,201,202,21,-1,21,202,203,-1,21,203,22,-1,22,203,204,-1,22,204,3,-1,3,204,205,-1,3,205,4,-1,4,205,206,-1,4,206,5,-1,5,206,207,-1,5,207,199,-1,18,20,208,-1,208,20,199,-1,16,18,209,-1,209,18,208,-1,17,16,210,-1,210,16,209,-1,19,17,211,-1,211,17,210,-1,19,211,212,-1,19,212,118,-1,118,212,213,-1,118,213,116,-1,116,213,214,-1,116,214,114,-1,114,214,215,-1,114,215,112,-1,112,215,216,-1,112,216,110,-1,110,216,217,-1,110,217,108,-1,108,217,218,-1,108,218,106,-1,106,218,219,-1,106,219,104,-1,104,219,220,-1,104,220,11,-1,11,220,221,-1,11,221,14,-1,14,221,222,-1,14,222,99,-1,99,222,223,-1,99,223,97,-1,97,223,224,-1,97,224,95,-1,95,224,225,-1,95,225,93,-1,93,225,226,-1,93,226,91,-1,91,226,227,-1,91,227,228,-1,229,132,228,-1,228,132,134,-1,228,134,91,-1,229,230,132,-1,132,230,231,-1,132,231,0,-1,0,231,232,-1,0,232,1,-1,1,232,233,-1,1,233,44,-1,44,233,234,-1,44,234,45,-1,45,234,235,-1,45,235,47,-1,47,235,236,-1,47,236,48,-1,48,236,237,-1,48,237,7,-1,7,237,238,-1,7,238,8,-1,8,238,239,-1,8,239,40,-1,40,239,240,-1,40,240,42,-1,42,240,241,-1,42,241,122,-1,122,241,242,-1,122,242,124,-1,243,31,244,-1,244,31,90,-1,244,90,245,-1,245,90,89,-1,245,89,246,-1,246,89,87,-1,246,87,247,-1,247,87,129,-1,247,129,248,-1,248,129,128,-1,248,128,249,-1,249,128,126,-1,249,126,250,-1,250,126,124,-1,250,124,242,-1,32,31,251,-1,251,31,243,-1,32,251,252,-1,32,252,34,-1,34,252,253,-1,34,253,36,-1,36,253,254,-1,36,254,73,-1,73,254,255,-1,73,255,74,-1,74,255,256,-1,74,256,76,-1,256,257,76,-1,76,257,258,-1,76,258,78,-1,78,258,259,-1,78,259,80,-1,80,259,260,-1,80,260,82,-1,82,260,261,-1,82,261,84,-1,84,261,262,-1,84,262,85,-1,85,262,263,-1,85,263,63,-1,63,263,264,-1,63,264,65,-1,65,264,265,-1,65,265,67,-1,67,265,266,-1,67,266,69,-1,71,69,267,-1,267,69,266,-1,71,267,268,-1,71,268,140,-1,140,268,269,-1,140,269,137,-1,137,269,270,-1,137,270,151,-1,151,270,271,-1,151,271,145,-1,145,271,272,-1,145,272,146,-1,146,272,273,-1,146,273,148,-1,148,273,274,-1,148,274,149,-1,149,274,275,-1,149,275,150,-1,150,275,276,-1,150,276,147,-1,147,276,277,-1,147,277,142,-1,142,277,278,-1,142,278,143,-1,143,278,279,-1,143,279,144,-1,144,279,280,-1,144,280,138,-1,138,280,281,-1,138,281,139,-1,139,281,282,-1,139,282,141,-1,141,282,283,-1,141,283,72,-1,72,283,284,-1,72,284,70,-1,68,70,285,-1,285,70,284,-1,68,285,286,-1,68,286,66,-1,66,286,287,-1,66,287,64,-1,64,287,288,-1,64,288,62,-1,62,288,289,-1,62,289,83,-1,83,289,290,-1,83,290,81,-1,81,290,156,-1,81,156,79,-1,113,291,292,-1,113,292,115,-1,115,292,293,-1,115,293,117,-1,117,293,294,-1,117,294,119,-1,119,294,295,-1,119,295,120,-1,120,295,296,-1,120,296,23,-1,23,296,297,-1,23,297,24,-1,24,297,298,-1,24,298,25,-1,25,298,299,-1,25,299,26,-1,26,299,300,-1,26,300,27,-1,27,300,301,-1,27,301,49,-1,49,301,302,-1,49,302,50,-1,50,302,303,-1,50,303,52,-1,52,303,304,-1,52,304,54,-1,54,304,305,-1,54,305,56,-1,56,305,306,-1,56,306,58,-1,58,306,307,-1,58,307,60,-1,60,307,308,-1,60,308,61,-1,61,308,309,-1,61,309,28,-1,28,309,310,-1,28,310,9,-1,9,310,311,-1,9,311,10,-1,10,311,312,-1,10,312,102,-1,102,312,313,-1,102,313,103,-1,103,313,314,-1,103,314,105,-1,105,314,315,-1,105,315,107,-1,107,315,316,-1,107,316,109,-1,109,316,317,-1,109,317,111,-1,111,317,291,-1,111,291,113,-1,
        ]
    }
}
Shape{
    appearance Appearance {
        material  Material {
            diffuseColor 0.25098039215686274 0.25098039215686274 0.25098039215686274
            specularColor 0.12549019607843137 0.12549019607843137 0.12549019607843137
            ambientIntensity 0.251
            transparency 0.0
            shininess 0.5
        }
    }
    geometry IndexedFaceSet {
        ccw TRUE
        solid FALSE
        coord DEF co Coordinate {
            point [
                -1.05 -1.1791 0.2673, -1.0593 -1.1791 0.293, -1.0609 -1.1791 0.2913, -1.0456 -1.1791 0.2677, -1.0423 -1.1791 0.269, -1.0466 -1.1791 0.2966, -1.0494 -1.1791 0.2968, -1.0531 -1.1791 0.2964, -1.0564 -1.1791 0.2951, -1.0634 -1.1791 0.2774, -1.0619 -1.1791 0.2742, -1.0598 -1.1791 0.2715, -1.0494 -1.1791 0.2672, -1.0357 -1.1791 0.2877, -1.0374 -1.1791 0.2908, -1.0372 -1.1791 0.2736, -1.04 -1.1791 0.2935, -1.0628 -1.1791 0.2882, -1.0639 -1.1791 0.2846, -1.0641 -1.1791 0.2809, -1.0569 -1.1791 0.2693, -1.0534 -1.1791 0.2678, -1.0395 -1.1791 0.2711, -1.0431 -1.1791 0.2954, -1.0355 -1.1791 0.2769, -1.0346 -1.1791 0.2806, -1.0347 -1.1791 0.2843
            ]
        }
        coordIndex [
            0,1,2,-1,3,4,5,-1,6,7,0,-1,0,7,8,-1,0,8,1,-1,9,10,2,-1,2,10,11,-1,6,0,5,-1,5,0,12,-1,5,12,3,-1,13,14,15,-1,15,14,16,-1,17,18,2,-1,2,18,19,-1,2,19,9,-1,11,20,2,-1,2,20,21,-1,2,21,0,-1,4,22,5,-1,5,22,15,-1,5,15,23,-1,23,15,16,-1,24,25,15,-1,15,25,26,-1,15,26,13,-1,
        ]
    }
}